,Type,Rooms,Location,Price
0,semi-detached duplex,6,Lekki,5000000
1,terraced duplex,3,Lekki,2500000
2,terraced duplex,4,Gbagada,4000000
3,detached duplex,4,Lekki,4600000
4,detached duplex,4,Lekki,3000000
5,detached duplex,5,Lekki,4000000
6,terraced duplex,4,(VI),4500000
7,semi-detached duplex,4,Lekki,5500000
8,terraced duplex,4,Ajah,1500000
9,detached duplex,5,Lekki,4500000
10,terraced duplex,4,Ikoyi,4000000
11,terraced duplex,4,(VI),4000000
12,semi-detached duplex,4,Ojodu,700000
13,house for,3,Lekki,2200000
14,detached duplex,5,Magodo,5500000
15,terraced duplex,4,Lekki,4000000
16,semi-detached duplex,4,(VI),4500000
17,terraced duplex,4,(VI),7000000
18,semi-detached duplex,4,Lekki,3500000
19,semi-detached duplex,4,(VI),7000000
20,terraced duplex,4,Ikoyi,4000000
21,terraced duplex,3,Lekki,1500000
22,semi-detached duplex,4,Lekki,3500000
23,semi-detached duplex,4,Lekki,3500000
24,house for,4,(VI),5000000
25,house for,3,Lekki,2800000
26,terraced duplex,2,Lekki,1500000
27,terraced duplex,4,Lekki,2800000
28,terraced duplex,4,Maryland,3000000
29,semi-detached duplex,4,Lekki,4000000
30,detached duplex,4,Lekki,4500000
31,detached duplex,5,Lekki,3500000
32,terraced duplex,4,Ikoyi,8500000
33,semi-detached duplex,4,Ikoyi,6500000
34,terraced duplex,4,Lekki,2700000
35,detached duplex,5,Lekki,5250000
36,detached duplex,5,Lekki,4200000
37,terraced duplex,4,Ikoyi,8500000
38,detached duplex,4,Lekki,3500000
39,semi-detached duplex,6,(VI),15000000
40,detached duplex,5,Lekki,4000000
41,detached duplex,4,Lekki,3800000
42,house for,4,Lekki,4000000
43,terraced duplex,4,Lekki,3500000
44,terraced duplex,4,Lekki,3000000
45,terraced duplex,3,Lekki,3000000
46,detached bungalow,3,Ikeja,8000000
47,terraced duplex,5,Ikeja,5000000
48,detached duplex,4,Lekki,6000000
49,detached duplex,5,Lekki,4000000
50,semi-detached duplex,4,Lekki,3500000
51,detached duplex,5,Ajah,4000000
52,house for,3,Lekki,4000000
53,semi-detached duplex,4,Island,4000000
54,house for,3,(VI),4000000
55,detached duplex,5,Lekki,4000000
56,detached duplex,5,Lekki,4000000
57,semi-detached duplex,4,Lekki,3500000
58,semi-detached duplex,4,Lekki,3500000
59,detached duplex,4,Lekki,4000000
60,terraced duplex,4,(VI),4700000
61,terraced duplex,3,North,1300000
62,semi-detached duplex,4,Lekki,3500000
63,terraced duplex,3,Lekki,1500000
64,detached duplex,5,Lekki,4000000
65,terraced duplex,4,Lekki,3000000
66,terraced duplex,4,Magodo,2800000
67,house for,3,Ikeja,1700000
68,detached duplex,7,Lekki,3500000
69,terraced duplex,4,Lekki,3500000
70,detached duplex,5,Lekki,4000000
71,house for,3,(VI),5000000
72,detached duplex,5,(VI),8500000
73,detached duplex,4,Maryland,8500000
74,terraced duplex,4,(VI),6000000
75,house for,3,(VI),4500000
76,terraced duplex,2,Lekki,2500000
77,terraced duplex,3,Ikoyi,8500000
78,detached bungalow,4,Lekki,3000000
79,semi-detached duplex,3,Ikoyi,9000000
80,house for,3,(VI),4000000
81,house for,3,Lekki,2200000
82,semi-detached duplex,4,Lekki,2500000
83,terraced duplex,4,Ikoyi,8000000
84,terraced duplex,3,Lekki,1500000
85,semi-detached duplex,3,Lekki,2500000
86,semi-detached duplex,4,(VI),3500000
87,semi-detached duplex,4,Ikoyi,7000000
88,semi-detached duplex,5,(VI),8500000
89,house for,3,Lekki,1600000
90,semi-detached duplex,4,Lekki,3500000
91,detached duplex,5,Lekki,4500000
92,terraced duplex,4,Lekki,3000000
93,semi-detached duplex,3,Ikoyi,12000000
94,detached duplex,3,Lekki,2500000
95,terraced duplex,3,Ikeja,3500000
96,terraced duplex,4,(VI),4000000
97,semi-detached duplex,4,(VI),6000000
98,semi-detached duplex,4,Lekki,3500000
99,house for,3,(VI),4000000
100,terraced duplex,4,(VI),5000000
101,terraced duplex,4,(VI),4000000
102,detached duplex,4,Lekki,5000000
103,terraced duplex,3,Lekki,4000000
104,terraced duplex,3,Lekki,2000000
105,house for,4,Lekki,4000000
106,detached duplex,5,Lekki,5000000
107,terraced duplex,4,Lekki,3000000
108,terraced duplex,4,Lekki,3000000
109,terraced duplex,4,(VI),4500000
110,detached duplex,5,Lekki,4000000
111,detached duplex,4,Lekki,3700000
112,detached duplex,5,Lekki,4200000
113,detached bungalow,2,Ikorodu,150000
114,terraced duplex,5,Lekki,3000000
115,detached duplex,5,Lekki,4200000
116,house for,4,Lekki,4500000
117,semi-detached duplex,4,Lekki,4500000
118,semi-detached duplex,4,Lekki,2000000
119,detached duplex,5,Lekki,4500000
120,terraced duplex,4,Lekki,3000000
121,semi-detached duplex,4,Lekki,2500000
122,semi-detached duplex,4,Lekki,3500000
123,semi-detached duplex,4,Lekki,3500000
124,semi-detached duplex,4,Lekki,4000000
125,terraced duplex,4,Lekki,3000000
126,terraced duplex,3,Lekki,1500000
127,detached duplex,4,Lekki,3800000
128,semi-detached duplex,4,Lekki,3000000
129,terraced duplex,3,Lekki,2700000
130,house for,4,Lekki,3500000
131,detached duplex,4,Lekki,2000000
132,detached duplex,5,Lekki,9000000
133,detached duplex,4,Lekki,3800000
134,detached duplex,5,Lekki,4500000
135,semi-detached bungalow,3,Ikorodu,450000
136,detached bungalow,3,Ikorodu,1000000
137,semi-detached bungalow,3,Ikorodu,700000
138,semi-detached duplex,4,Lekki,2300000
139,semi-detached duplex,5,Lekki,10000000
140,detached duplex,4,Lekki,3000000
141,terraced duplex,3,Lekki,2500000
142,terraced duplex,3,Lekki,2500000
143,semi-detached duplex,4,Lekki,3000000
144,semi-detached duplex,4,Lekki,3800000
145,terraced duplex,4,Lekki,4500000
146,detached duplex,4,Lekki,3800000
147,semi-detached duplex,6,Lekki,5000000
148,semi-detached duplex,4,Lekki,3500000
149,terraced duplex,4,Lekki,2800000
150,detached duplex,5,Lekki,3500000
151,semi-detached duplex,4,Lekki,4000000
152,terraced duplex,4,Ikoyi,15000000
153,terraced duplex,4,Lekki,6000000
154,detached duplex,3,Lekki,3500000
155,detached duplex,5,Lekki,8500000
156,detached duplex,4,Lekki,3800000
157,detached duplex,4,Lekki,2500000
158,detached duplex,4,Lekki,5000000
159,semi-detached duplex,3,Lekki,45000000
160,detached duplex,4,Lekki,3700000
161,detached duplex,4,(VI),4500000
162,terraced duplex,5,Lekki,3000000
163,detached duplex,4,Lekki,3800000
164,detached duplex,5,Lekki,4500000
165,detached duplex,4,Lekki,4000000
166,detached duplex,5,Lekki,4500000
167,detached duplex,5,Lekki,4500000
168,semi-detached duplex,6,Lekki,5000000
169,house for,2,Ajah,1100000
170,terraced duplex,4,Lekki,2500000
171,rent,House,Ikorodu,500000
172,terraced duplex,4,Ikoyi,10000000
173,house for,3,Lekki,2000000
174,semi-detached duplex,4,Lekki,3700000
175,detached duplex,5,Lekki,8000000
176,detached duplex,4,Lekki,4000000
177,detached bungalow,2,Ikoyi,3500000
178,semi-detached duplex,4,Lekki,3700000
179,semi-detached duplex,5,Lekki,10000000
180,semi-detached duplex,5,Lekki,10000000
181,detached duplex,4,Ajah,2000000
182,semi-detached duplex,4,Lekki,5500000
183,house for,3,Lekki,2700000
184,detached duplex,4,Lekki,4000000
185,terraced duplex,3,Lekki,1600000
186,house for,4,Ikeja,1500000
187,detached duplex,4,Lekki,3700000
188,detached duplex,5,Lekki,3000000
189,semi-detached duplex,6,Lekki,5000000
190,terraced duplex,4,Ikoyi,10000000
191,semi-detached duplex,4,Ikoyi,11000000
192,detached duplex,5,Lekki,8000000
193,semi-detached duplex,4,Lekki,3500000
194,semi-detached duplex,4,Lekki,3500000
195,terraced duplex,4,Ajah,1800000
196,semi-detached duplex,4,Lekki,3500000
197,detached duplex,5,Lekki,8000000
198,semi-detached bungalow,2,(VI),2500000
199,detached duplex,3,Ajah,1000000
200,detached duplex,3,Ajah,1000000
201,terraced duplex,4,Ajah,2200000
202,terraced duplex,4,Ajah,2000000
203,for rent,Detached,Lekki,6500000
204,semi-detached duplex,4,Lekki,4000000
205,terraced duplex,4,Lekki,3500000
206,house for,4,Lekki,3500000
207,terraced duplex,4,Lekki,3500000
208,semi-detached duplex,4,Lekki,3500000
209,terraced duplex,4,Lekki,3000000
210,terraced duplex,3,Lekki,1500000
211,terraced duplex,4,Ikoyi,6000000
212,terraced duplex,4,Ikoyi,5000000
213,semi-detached bungalow,5,(VI),8500000
214,terraced duplex,4,Ikoyi,7500000
215,detached duplex,5,Ikoyi,9500000
216,terraced duplex,4,Lekki,3200000
217,terraced duplex,3,Lekki,2200000
218,terraced duplex,3,Lekki,2500000
219,detached duplex,5,Lekki,9000000
220,terraced duplex,4,Lekki,45000000
221,terraced duplex,4,Lekki,3000000
222,detached duplex,4,Ajah,1800000
223,for rent,Semi-detached,Ikoyi,20000000
224,detached duplex,4,Lekki,3800000
225,terraced duplex,4,Lekki,3000000
226,semi-detached duplex,4,Lekki,3500000
227,terraced duplex,4,Lekki,3500000
228,house for,4,Lekki,3000000
229,detached duplex,3,Ajah,1000000
230,terraced duplex,4,Lekki,2500000
231,house for,4,Lekki,4000000
232,semi-detached bungalow,2,Ajah,900000
233,semi-detached bungalow,2,Ajah,1000000
234,terraced duplex,3,(VI),4000000
235,detached duplex,4,Lekki,3700000
236,house for,3,Gbagada,1500000
237,terraced duplex,4,Ikoyi,13000000
238,terraced duplex,4,Ikoyi,14000000
239,terraced duplex,4,Lekki,3000000
240,terraced duplex,4,Lekki,5000000
241,semi-detached duplex,4,Lekki,3000000
242,semi-detached duplex,4,Lekki,3000000
243,terraced duplex,4,Lekki,2800000
244,semi-detached duplex,3,Ikoyi,10000000
245,semi-detached duplex,4,Lekki,3500000
246,detached duplex,5,Lekki,3500000
247,terraced duplex,3,Lekki,4000000
248,terraced duplex,4,(VI),5000000
249,terraced duplex,4,Ikoyi,10000000
250,terraced duplex,4,Lekki,45000000
251,detached duplex,4,Ajah,4500000
252,house for,4,Lekki,4000000
253,semi-detached duplex,3,North,1300000
254,semi-detached duplex,3,Lekki,4000000
255,terraced duplex,4,Ikoyi,9000000
256,terraced duplex,4,Ikoyi,9000000
257,terraced duplex,4,Lekki,4000000
258,semi-detached duplex,4,Lekki,3500000
259,detached duplex,4,Lekki,3500000
260,semi-detached duplex,4,Lekki,2000000
261,house for,3,(VI),4500000
262,terraced duplex,3,Lekki,2500000
263,terraced duplex,4,Ikeja,3000000
264,semi-detached duplex,4,Ajah,2000000
265,block of,3,Lekki,4500000
266,terraced duplex,4,Ikoyi,12000000
267,detached duplex,4,Lekki,4200000
268,detached duplex,5,Lekki,5000000
269,semi-detached duplex,5,(VI),10000000
270,semi-detached duplex,4,Lekki,2300000
271,semi-detached duplex,4,Lekki,1500000
272,semi-detached duplex,4,Lekki,3500000
273,house for,4,Lekki,4000000
274,terraced duplex,4,Lekki,3000000
275,terraced duplex,3,Lekki,2500000
276,semi-detached duplex,4,Lekki,3500000
277,semi-detached duplex,4,Lekki,4000000
278,semi-detached duplex,5,Lekki,6000000
279,terraced duplex,3,Lekki,4000000
280,semi-detached duplex,5,Lekki,6000000
281,semi-detached duplex,6,Lekki,5200000
282,terraced duplex,3,Lekki,3000000
283,house for,3,(VI),12000000
284,semi-detached duplex,4,Lekki,5000000
285,terraced duplex,3,Lekki,2500000
286,terraced duplex,4,Lekki,2500000
287,semi-detached duplex,4,Lekki,3500000
288,semi-detached duplex,5,Lekki,3500000
289,terraced duplex,4,(VI),4500000
290,semi-detached duplex,4,Ajah,2000000
291,terraced duplex,4,(VI),5000000
292,house for,3,(VI),6000000
293,terraced duplex,3,(VI),3500000
294,terraced duplex,3,Lekki,1500000
295,semi-detached duplex,3,Lekki,1300000
296,semi-detached duplex,5,Ikoyi,25000000
297,detached duplex,5,Lekki,4000000
298,terraced duplex,4,Ikeja,6000000
299,house for,4,Lekki,3000000
300,detached bungalow,2,Lekki,2300000
301,detached duplex,5,Lekki,5000000
302,house for,4,Ikoyi,7000000
303,terraced duplex,5,Ikoyi,12000000
304,house for,5,Gbagada,2500000
305,terraced duplex,3,Ikoyi,9000000
306,terraced duplex,4,Lekki,3200000
307,terraced duplex,4,Lekki,3500000
308,semi-detached duplex,4,Lekki,3500000
309,terraced duplex,4,Lekki,3000000
310,semi-detached bungalow,3,Ajah,1000000
311,semi-detached bungalow,2,Ajah,1000000
312,semi-detached bungalow,2,Ajah,750000
313,semi-detached duplex,4,Lekki,3500000
314,semi-detached duplex,4,Lekki,3500000
315,terraced duplex,3,Lekki,1500000
316,terraced duplex,3,Ikoyi,10000000
317,semi-detached bungalow,3,Ajah,750000
318,semi-detached bungalow,3,Ajah,1000000
319,detached bungalow,2,Ajah,700000
320,semi-detached duplex,4,Lekki,3500000
321,house for,2,Ajah,650000
322,semi-detached duplex,4,Lekki,4500000
323,detached duplex,7,Maryland,10000000
324,house for,1,Ajah,200000
325,semi-detached duplex,4,Lekki,4000000
326,detached duplex,4,Ajah,4000000
327,semi-detached duplex,4,Ajah,3000000
328,detached duplex,4,Lekki,4500000
329,detached duplex,4,Ikoyi,10000000
330,detached duplex,4,Lekki,4000000
331,terraced duplex,4,Lekki,3000000
332,terraced duplex,3,Ikoyi,15000000
333,semi-detached duplex,4,Lekki,3500000
334,house for,5,Lekki,4500000
335,house for,5,Lekki,3000000
336,semi-detached duplex,6,Lekki,5000000
337,house for,5,Lekki,4000000
338,semi-detached duplex,4,Lekki,3500000
339,terraced duplex,4,Lekki,3000000
340,semi-detached bungalow,4,Lekki,3500000
341,terraced duplex,3,Ikoyi,16000000
342,semi-detached bungalow,4,Lekki,3500000
343,detached duplex,4,Ajah,2500000
344,terraced duplex,4,(VI),4000000
345,semi-detached duplex,3,Ajah,1200000
346,terraced duplex,4,(VI),20000000
347,terraced duplex,4,Ajah,2000000
348,semi-detached duplex,4,Lekki,3000000
349,semi-detached duplex,4,Lekki,3000000
350,house for,5,Lekki,6500000
351,detached duplex,5,Magodo,6000000
352,detached duplex,4,Lekki,3800000
353,house for,3,Lekki,3000000
354,semi-detached duplex,4,Lekki,40000000
355,detached duplex,5,Lekki,5000000
356,house for,4,Lekki,2800000
357,house for,4,Lekki,4000000
358,semi-detached duplex,4,Lekki,3500000
359,house for,3,Lekki,3500000
360,house for,3,Lekki,3000000
361,house for,1,Yaba,150000
362,terraced duplex,3,Ikoyi,15000000
363,terraced duplex,4,Lekki,3000000
364,terraced duplex,4,Lekki,4500000
365,semi-detached bungalow,4,Lekki,3500000
366,detached duplex,5,Lekki,4500000
367,detached duplex,4,Lekki,4500000
368,detached duplex,4,Lekki,3800000
369,detached duplex,4,Ajah,4000000
370,terraced duplex,3,(VI),4000000
371,detached duplex,5,Lekki,4500000
372,terraced duplex,4,Lekki,3000000
373,semi-detached duplex,4,Lekki,1700000
374,semi-detached duplex,4,Lekki,4000000
375,semi-detached duplex,4,Ilupeju,6000000
376,detached duplex,5,Lekki,4500000
377,detached duplex,5,Ajah,1500000
378,house for,4,Lekki,4000000
379,terraced duplex,4,Lekki,3500000
380,detached duplex,4,Ipaja,800000
381,terraced duplex,5,(VI),5000000
382,semi-detached duplex,4,Lekki,4500000
383,detached duplex,4,Lekki,3500000
384,detached duplex,4,Lekki,3800000
385,house for,2,Lekki,1600000
386,detached duplex,5,Lekki,6500000
387,terraced duplex,3,Lekki,2500000
388,terraced duplex,4,Lekki,4500000
389,terraced duplex,3,Lekki,2500000
390,semi-detached duplex,4,Lekki,4500000
391,terraced duplex,4,Lekki,5000000
392,terraced duplex,3,Lekki,3500000
393,semi-detached duplex,4,Lekki,3500000
394,detached duplex,5,Lekki,4500000
395,house for,4,(VI),4500000
396,terraced duplex,4,Lekki,3000000
397,detached duplex,5,Lekki,4000000
398,terraced duplex,4,(VI),4500000
399,terraced duplex,3,Lekki,1500000
400,detached duplex,3,Lekki,3000000
401,detached duplex,5,Lekki,4500000
402,detached duplex,5,Lekki,12000000
403,house for,5,(VI),9000000
404,detached duplex,4,Lekki,4000000
405,semi-detached duplex,4,Lekki,3000000
406,detached duplex,5,Ikeja,5000000
407,terraced duplex,5,Ikeja,8000000
408,semi-detached duplex,4,Ikeja,7000000
409,detached bungalow,4,Ajah,1400000
410,detached duplex,4,Lekki,4000000
411,house for,3,Lekki,700000
412,detached duplex,4,Lekki,3500000
413,house for,3,Lekki,1800000
414,semi-detached duplex,4,Lekki,4000000
415,semi-detached duplex,4,Ikeja,3000000
416,semi-detached duplex,3,Lekki,2500000
417,terraced duplex,4,Lekki,6000000
418,terraced duplex,4,Lekki,3500000
419,house for,2,(VI),3500000
420,house for,4,Lekki,4000000
421,terraced duplex,4,(VI),7000000
422,house for,3,(VI),7000000
423,terraced duplex,4,Lekki,3000000
424,detached duplex,9,(VI),11000000
425,rent,House,Lekki,3000000
426,house for,1,Yaba,650000
427,detached duplex,4,Ajah,2500000
428,terraced duplex,2,Ajah,1500000
429,house for,3,Ikoyi,11000000
430,house for,2,Magodo,2000000
431,detached duplex,2,Magodo,1800000
432,detached duplex,5,Island,4500000
433,semi-detached duplex,4,Lekki,3500000
434,semi-detached duplex,4,Lekki,3500000
435,semi-detached duplex,4,Ikoyi,8000000
436,detached duplex,4,North,1800000
437,detached duplex,3,Alimosho,1500000
438,house for,1,Yaba,600000
439,semi-detached duplex,4,Lekki,3200000
440,house for,3,Yaba,3500000
441,house for,4,Lekki,4000000
442,house for,2,Lekki,2200000
443,semi-detached duplex,4,Lekki,6000000
444,terraced duplex,3,Lekki,3500000
445,terraced duplex,4,Lekki,50000000
446,semi-detached bungalow,4,Ikoyi,9000000
447,semi-detached duplex,4,Lekki,3500000
448,semi-detached duplex,4,Lekki,3500000
449,terraced duplex,4,Lekki,3000000
450,semi-detached duplex,4,Lekki,3500000
451,terraced duplex,4,Lekki,4500000
452,terraced duplex,4,Lekki,3000000
453,terraced duplex,4,Lekki,3000000
454,semi-detached duplex,4,Lekki,3700000
455,terraced duplex,3,Lekki,2500000
456,semi-detached duplex,4,Lekki,3500000
457,terraced duplex,3,Lekki,3500000
458,detached duplex,5,Lekki,4200000
459,semi-detached duplex,5,(VI),8500000
460,semi-detached duplex,4,Lekki,7000000
461,semi-detached duplex,4,Lekki,48000000
462,terraced duplex,3,Lekki,1500000
463,terraced duplex,4,Lekki,3000000
464,semi-detached duplex,4,Lekki,3500000
465,detached duplex,5,Lekki,3800000
466,semi-detached duplex,4,Lekki,4200000
467,detached duplex,5,Lekki,3000000
468,detached duplex,5,Lekki,3500000
469,semi-detached duplex,4,Lekki,3500000
470,detached duplex,3,(VI),7500000
471,house for,5,Ikeja,4500000
472,terraced duplex,3,Lekki,2500000
473,semi-detached duplex,4,Lekki,4000000
474,semi-detached duplex,4,Ikeja,3000000
475,terraced duplex,3,Lekki,5000000
476,terraced duplex,4,Lekki,3300000
477,semi-detached duplex,4,Ikoyi,10000000
478,terraced duplex,3,Lekki,2500000
479,detached duplex,7000000,Lekki,7000000
480,semi-detached duplex,4,Lekki,4000000
481,semi-detached duplex,4,Ikoyi,5000000
482,semi-detached duplex,4,Lekki,3500000
483,semi-detached duplex,6,Lekki,5000000
484,semi-detached duplex,4,Lekki,3500000
485,detached duplex,5,Lekki,4000000
486,detached duplex,4,Lekki,3500000
487,semi-detached duplex,5,(VI),8500000
488,semi-detached duplex,4,Lekki,3500000
489,terraced duplex,4,Lekki,3000000
490,house for,3,(VI),4000000
491,semi-detached duplex,5,(VI),8500000
492,detached duplex,5,Lekki,6000000
493,house for,4,Lekki,3500000
494,detached duplex,5,Ikeja,5000000
495,detached duplex,5,Ikeja,5000000
496,semi-detached duplex,4,Lekki,2500000
497,semi-detached duplex,3,Lekki,3000000
498,detached duplex,4,(VI),10000000
499,semi-detached duplex,5,Ikoyi,17000000
500,terraced duplex,4,(VI),4000000
501,semi-detached bungalow,3,Ajah,1300000
502,detached duplex,5,Magodo,5500000
503,terraced duplex,5,Lekki,3200000
504,house for,4,Lekki,4000000
505,semi-detached duplex,3,Lekki,2500000
506,terraced duplex,4,Lekki,3000000
507,terraced duplex,4,Lekki,3500000
508,detached duplex,4,Isheri,1000000
509,terraced duplex,4,Lekki,3500000
510,terraced duplex,4,(VI),5000000
511,semi-detached duplex,4,Lekki,3500000
512,semi-detached duplex,4,Ikoyi,15000000
513,house for,3,Magodo,1500000
514,detached duplex,4,Lekki,4000000
515,detached duplex,5,Ikorodu,2000000
516,semi-detached duplex,4,Lekki,3000000
517,semi-detached duplex,5,Ikeja,3000000
518,detached duplex,4,Ikeja,8000000
519,detached duplex,4,Ajah,2500000
520,semi-detached duplex,4,Lekki,3500000
521,semi-detached duplex,3,Surulere,3500000
522,terraced duplex,4,Lekki,3500000
523,detached duplex,4,Lekki,4500000
524,house for,1,Lekki,700000
525,house for,4,Lekki,4000000
526,semi-detached duplex,4,Ikoyi,12500000
527,detached duplex,5,Lekki,5000000
528,house for,3,(VI),3500000
529,detached duplex,5,Lekki,6000000
530,house for,3,Ikoyi,3000000
531,semi-detached bungalow,2,Ikoyi,3500000
532,semi-detached duplex,3,Lekki,3200000
533,semi-detached duplex,3,Lekki,4000000
534,terraced duplex,4,Lekki,3000000
535,terraced duplex,4,(VI),5000000
536,terraced duplex,4,(VI),5000000
537,detached duplex,4,Lekki,3500000
538,semi-detached duplex,4,Lekki,7000000
539,detached duplex,5,Lekki,4500000
540,semi-detached duplex,4,Lekki,3500000
541,terraced duplex,4,Lekki,7000000
542,terraced duplex,4,Ikoyi,15000000
543,house for,3,(VI),3600000
544,detached bungalow,4,Magodo,2800000
545,house for,2,Ajah,650000
546,house for,4,Lekki,4000000
547,detached duplex,5,Lekki,8500000
548,semi-detached duplex,3,Lekki,4000000
549,terraced duplex,4,Lekki,4500000
550,detached duplex,4,Lekki,3300000
551,detached duplex,4,Ajah,4500000
552,semi-detached duplex,4,Lekki,3000000
553,terraced duplex,3,Lekki,2700000
554,house for,4,Lekki,3000000
555,detached duplex,4,Lekki,300000000
556,semi-detached duplex,3,Lekki,4000000
557,detached duplex,8,(VI),25000000
558,detached duplex,5,Ikeja,13000000
559,terraced duplex,4,Lekki,3000000
560,detached duplex,4,Lekki,3500000
561,detached duplex,5,Lekki,3500000
562,detached duplex,5,Lekki,4500000
563,terraced duplex,4,Lekki,3000000
564,terraced duplex,4,Ikoyi,6500000
565,semi-detached duplex,5,(VI),8000000
566,terraced duplex,3,Lekki,5500000
567,semi-detached duplex,6,Lekki,5000000
568,for rent,Semi-detached,Lekki,4000000
569,detached duplex,5,Lekki,6000000
570,semi-detached duplex,4,Lekki,3000000
571,semi-detached duplex,4,Ikoyi,230000000
572,semi-detached duplex,4,Lekki,5000000
573,detached duplex,6,(VI),7000000
574,terraced duplex,4,Lekki,4500000
575,semi-detached duplex,4,Lekki,3500000
576,semi-detached duplex,4,Lekki,3000000
577,terraced duplex,4,Lekki,3000000
578,house for,4,Lekki,3200000
579,semi-detached duplex,5,Ikoyi,17000000
580,terraced bungalow,2,Lekki,2000000
581,semi-detached duplex,4,Lekki,3500000
582,detached duplex,4,Lekki,3500000
583,semi-detached duplex,4,Lekki,3500000
584,terraced duplex,4,Ikeja,6000000
585,detached duplex,5,Lekki,5000000
586,terraced duplex,4,Lekki,4500000
587,terraced duplex,2,Ketu,800000
588,semi-detached duplex,6,Lekki,5000000
589,terraced duplex,4,Lekki,6000000
590,terraced duplex,4,(VI),7000000
591,detached duplex,4,Lekki,2200000
592,terraced duplex,4,Ikoyi,4000000
593,semi-detached duplex,3,Lekki,3000000
594,terraced duplex,5,Lekki,5500000
595,semi-detached duplex,4,Ikoyi,7000000
596,detached duplex,4,Ikoyi,7000000
597,house for,4,Ajah,3500000
598,terraced duplex,4,Lekki,4500000
599,semi-detached duplex,5,(VI),10000000
600,semi-detached duplex,4,Lekki,3000000
601,detached duplex,5,Magodo,5500000
602,semi-detached duplex,4,Lekki,3500000
603,terraced duplex,4,Lekki,2800000
604,house for,3,(VI),3000000
605,terraced duplex,4,Lekki,3000000
606,terraced duplex,4,Ajah,2800000
607,detached duplex,5,Lekki,4500000
608,house for,2,Lekki,2000000
609,house for,4,Lekki,4000000
610,semi-detached duplex,4,Lekki,3500000
611,semi-detached duplex,4,Lekki,3500000
612,semi-detached duplex,4,Lekki,3500000
613,terraced duplex,5,Lekki,3800000
614,terraced duplex,4,Ikeja,3500000
615,terraced duplex,4,Lekki,3000000
616,detached duplex,4,Lekki,4000000
617,detached duplex,4,Lekki,3500000
618,terraced duplex,4,Ikoyi,10000000
619,semi-detached duplex,4,Ajah,2700000
620,terraced duplex,4,Lekki,3000000
621,semi-detached duplex,2,Ketu,1000000
622,detached duplex,5,Lekki,7500000
623,semi-detached duplex,4,Magodo,3000000
624,terraced duplex,4,Lekki,4000000
625,terraced duplex,4,Lekki,2800000
626,terraced duplex,4,Lekki,2800000
627,terraced duplex,4,Lekki,3000000
628,semi-detached duplex,4,Lekki,3000000
629,house for,4,(VI),7500000
630,house for,4,Lekki,4000000
631,semi-detached bungalow,2,Ajah,450000
632,semi-detached duplex,4,Ajah,2500000
633,terraced duplex,4,Lekki,3000000
634,terraced duplex,4,Lekki,3000000
635,semi-detached duplex,4,Lekki,4000000
636,semi-detached duplex,4,Lekki,4000000
637,terraced duplex,4,Lekki,2200000
638,terraced duplex,4,Lekki,2200000
639,terraced duplex,4,Ikoyi,14500000
640,detached duplex,5,Lekki,3500000
641,detached duplex,5,Lekki,6500000
642,terraced duplex,4,Lekki,3500000
643,terraced duplex,4,Ikoyi,10000000
644,semi-detached duplex,6,(VI),20000000
645,house for,1,Ajah,230000
646,detached duplex,5,Lekki,8000000
647,detached duplex,5,Lekki,4500000
648,detached duplex,4,Lekki,4000000
649,detached duplex,5,Lekki,4500000
650,detached duplex,5,Ikoyi,20000000
651,semi-detached duplex,6,Lekki,5000000
652,terraced duplex,4,(VI),20000000
653,terraced duplex,4,Lekki,3000000
654,semi-detached duplex,4,Ikoyi,8000000
655,semi-detached duplex,5,Lekki,1700000
656,terraced duplex,4,Lekki,3000000
657,house for,1,Ikorodu,180000
658,house for,1,Ikorodu,270000
659,detached duplex,5,Lekki,5000000
660,detached duplex,5,Lekki,4500000
661,detached duplex,4,Lekki,4000000
662,house for,2,Yaba,3000000
663,detached duplex,4,Lekki,4000000
664,detached duplex,5,Lekki,4500000
665,terraced duplex,4,Ajah,1800000
666,semi-detached duplex,4,Lekki,3500000
667,semi-detached duplex,5,Ikoyi,23000000
668,detached duplex,5,Lekki,3200000
669,semi-detached duplex,4,Lekki,3500000
670,terraced duplex,4,Lekki,3000000
671,semi-detached duplex,4,Lekki,3500000
672,semi-detached duplex,6,Lekki,5000000
673,terraced duplex,5,Lekki,6500000
674,detached duplex,5,Lekki,5000000
675,detached duplex,5,Ikeja,4500000
676,detached duplex,4,Apapa,5000000
677,semi-detached duplex,4,Lekki,3500000
678,terraced duplex,3,Magodo,3500000
679,terraced duplex,4,Lekki,4500000
680,terraced duplex,4,Lekki,3000000
681,detached duplex,5,Lekki,4500000
682,house for,4,Ikoyi,15000000
683,semi-detached duplex,4,Lekki,3500000
684,terraced duplex,4,Ajah,2000000
685,semi-detached duplex,5,Ikoyi,22000000
686,house for,5,Ikoyi,25000000
687,semi-detached duplex,4,Ikoyi,Call for Price
688,house for,3,Ikoyi,16000000
689,house for,4,Ikoyi,45000000
690,house for,4,Ikoyi,18000000
691,terraced duplex,5,Ikoyi,16000000
692,terraced duplex,3,Ikoyi,12000000
693,terraced duplex,3,Lekki,1500000
694,house for,3,Ikoyi,16000000
695,house for,3,Ikoyi,16000000
696,semi-detached duplex,5,Ikoyi,17000000
697,terraced duplex,3,Ikoyi,14000000
698,terraced duplex,3,Ikoyi,8000000
699,house for,3,Ikoyi,8000000
700,detached duplex,5,Lekki,15000000
701,terraced duplex,4,Ikoyi,17000000
702,terraced duplex,4,Lekki,3500000
703,terraced duplex,4,Lekki,3000000
704,terraced duplex,3,Lekki,2500000
705,detached duplex,5,Ikeja,2500000
706,detached duplex,5,Lekki,4500000
707,house for,1,Ikorodu,200000
708,terraced duplex,4,Lekki,3000000
709,detached duplex,5,Magodo,5500000
710,house for,3,Lekki,2500000
711,detached duplex,5,Ikeja,4000000
712,detached duplex,4,Lekki,4500000
713,house for,4,Ikoyi,18000000
714,house for,4,Lekki,4000000
715,semi-detached duplex,4,Lekki,65000000
716,detached duplex,5,Lekki,12000000
717,terraced duplex,5,Lekki,4500000
718,terraced duplex,5,Lekki,6000000
719,terraced duplex,5,Lekki,6000000
720,terraced duplex,4,Lekki,3000000
721,house for,1,Lekki,170000
722,semi-detached duplex,4,Lekki,5000000
723,detached duplex,3,Lekki,2000000
724,detached duplex,5,(VI),9000000
725,detached duplex,4,Lekki,2500000
726,detached bungalow,5,Surulere,4500000
727,semi-detached duplex,4,Lekki,3000000
728,terraced duplex,4,Lekki,2800000
729,terraced duplex,4,Lekki,3000000
730,detached duplex,4,Lekki,3800000
731,detached duplex,5,Lekki,4500000
732,detached duplex,3,Ikoyi,16000000
733,semi-detached duplex,5,Ikoyi,16000000
734,terraced duplex,4,Lekki,3000000
735,terraced duplex,3,Lekki,1500000
736,terraced duplex,3,Ikoyi,10000000
737,terraced duplex,4,Lekki,3500000
738,semi-detached duplex,4,Ikoyi,6500000
739,detached duplex,5,Lekki,6000000
740,terraced duplex,4,Ikoyi,17500000
741,terraced duplex,3,Ikoyi,15000000
742,terraced duplex,4,Lekki,3200000
743,terraced duplex,4,Lekki,3500000
744,semi-detached duplex,4,Lekki,6000000
745,detached duplex,5,Lekki,3200000
746,terraced duplex,3,Lekki,3500000
747,house for,4,Lekki,4000000
748,semi-detached duplex,4,Lekki,3000000
749,semi-detached duplex,4,Magodo,3000000
750,terraced duplex,4,Lekki,2000000
751,semi-detached duplex,4,Lekki,3000000
752,terraced duplex,5,(VI),6000000
753,detached duplex,6,Ikoyi,27000000
754,terraced duplex,4,Ikoyi,9500000
755,terraced bungalow,4,Lekki,3000000
756,semi-detached duplex,6,Lekki,5000000
757,semi-detached duplex,4,Magodo,1500000
758,semi-detached duplex,4,Lekki,3500000
759,semi-detached duplex,4,Lekki,3200000
760,semi-detached duplex,4,Lekki,2800000
761,terraced duplex,4,Ajah,1500000
762,terraced duplex,3,Lekki,3000000
763,semi-detached duplex,4,Lekki,3500000
764,detached duplex,5,Lekki,5000000
765,semi-detached duplex,4,Lekki,3500000
766,semi-detached duplex,4,Lekki,3500000
767,detached duplex,4,Surulere,150000000
768,detached duplex,6,Maryland,13000000
769,detached duplex,5,Lekki,4500000
770,detached duplex,5,Lekki,3500000
771,detached duplex,5,Lekki,3800000
772,house for,3,Lekki,1900000
773,terraced duplex,5,Lekki,3500000
774,terraced duplex,4,Lekki,3000000
775,terraced duplex,4,Lekki,6000000
776,house for,2,Lekki,2000000
777,terraced duplex,3,Lekki,1500000
778,terraced duplex,4,Lekki,2500000
779,semi-detached bungalow,3,Ajah,1000000
780,semi-detached duplex,4,Ikeja,3500000
781,terraced duplex,4,Lekki,3200000
782,semi-detached duplex,4,Ikeja,4000000
783,terraced duplex,4,Lekki,3000000
784,semi-detached duplex,4,Lekki,3500000
785,terraced duplex,4,Lekki,6000000
786,terraced duplex,4,Lekki,6000000
787,house for,1,Ajah,250000
788,house for,1,Ajah,800000
789,semi-detached duplex,4,Lekki,3000000
790,detached duplex,4,Ajah,3000000
791,terraced duplex,5,Lekki,6000000
792,terraced duplex,4,(VI),6000000
793,detached duplex,6,Ikoyi,12000000
794,semi-detached duplex,4,Lekki,3500000
795,detached duplex,4,Lekki,4500000
796,semi-detached duplex,4,Lekki,3000000
797,detached duplex,4,Lekki,3800000
798,house for,4,Lekki,4000000
799,semi-detached duplex,4,Lekki,4000000
800,semi-detached duplex,4,Lekki,3300000
801,terraced duplex,3,Lekki,2500000
802,detached duplex,4,Lekki,4000000
803,semi-detached duplex,4,Lekki,3500000
804,detached duplex,5,Lekki,5250000
805,house for,2,Lekki,2600000
806,detached duplex,5,(VI),12000000
807,detached duplex,5,Ikoyi,10000000
808,house for,4,Lekki,3500000
809,terraced duplex,4,Ikoyi,12000000
810,detached duplex,5,Lekki,5250000
811,detached duplex,5,Surulere,3500000
812,detached duplex,5,Lekki,4000000
813,semi-detached duplex,4,Ajah,1800000
814,detached duplex,5,Lekki,3500000
815,semi-detached duplex,4,Lekki,3500000
816,semi-detached duplex,4,Lekki,3500000
817,terraced duplex,4,Lekki,2700000
818,detached duplex,5,Lekki,3000000
819,house for,4,Lekki,4000000
820,terraced duplex,4,Lekki,3300000
821,terraced duplex,4,Ajah,1800000
822,detached duplex,5,Lekki,3500000
823,detached duplex,5,Lekki,4500000
824,semi-detached duplex,4,Ikoyi,7000000
825,terraced duplex,3,Lekki,2500000
826,detached duplex,4,Lekki,4000000
827,detached duplex,4,Lekki,3800000
828,house for,3,Lekki,1800000
829,semi-detached duplex,4,Lekki,4000000
830,terraced duplex,4,Lekki,3000000
831,detached duplex,5,Lekki,7000000
832,semi-detached duplex,4,Ikoyi,8000000
833,detached duplex,5,Magodo,6000000
834,terraced duplex,4,Lekki,3000000
835,house for,3,Lekki,16000000
836,terraced duplex,4,Ikoyi,16000000
837,detached duplex,4,Magodo,3000000
838,detached duplex,5,Lekki,82000000
839,terraced duplex,4,Ikoyi,16000000
840,terraced duplex,3,Lekki,1500000
841,house for,3,Lekki,2500000
842,terraced duplex,4,Lekki,3300000
843,detached duplex,4,Lekki,5500000
844,detached duplex,5,Lekki,5500000
845,semi-detached duplex,5,Lekki,8000000
846,detached duplex,4,Lekki,80000000
847,terraced duplex,4,Ikoyi,15000000
848,semi-detached duplex,4,Ikoyi,13000000
849,detached duplex,5,Lekki,4500000
850,semi-detached duplex,4,Lekki,3500000
851,semi-detached duplex,5,Lekki,12000000
852,terraced duplex,4,Ikoyi,17500000
853,semi-detached duplex,4,Ikeja,8000000
854,terraced duplex,4,Lekki,3500000
855,semi-detached duplex,4,Lekki,3000000
856,detached duplex,5,(VI),9000000
857,semi-detached duplex,3,Yaba,4000000
858,detached duplex,5,Lekki,2000000
859,terraced duplex,4,Lekki,1600000
860,detached duplex,4,Lekki,2000000
861,house for,4,Lekki,4000000
862,terraced duplex,4,Lekki,1400000
863,semi-detached duplex,4,Lekki,3000000
864,semi-detached duplex,4,Lekki,3000000
865,semi-detached duplex,4,Lekki,3000000
866,terraced duplex,4,Lekki,2800000
867,house for,2,Lekki,27000000
868,semi-detached duplex,4,Lekki,52000000
869,house for,2,Lekki,1800000
870,detached duplex,5,Lekki,3500000
871,terraced duplex,4,Lekki,3300000
872,semi-detached duplex,5,Ikeja,6500000
873,house for,4,(VI),6000000
874,terraced duplex,4,(VI),7000000
875,semi-detached duplex,4,(VI),5000000
876,detached duplex,4,Lekki,3500000
877,detached bungalow,1,Surulere,700000
878,detached duplex,6,Lekki,9000000
879,semi-detached duplex,4,Lekki,3500000
880,semi-detached duplex,4,Lekki,3500000
881,detached duplex,4,Lekki,5000000
882,house for,4,Lekki,4000000
883,detached duplex,4,Maryland,10000000
884,detached duplex,4,Lekki,4000000
885,house for,3,Ikoyi,13000000
886,house for,4,Ikoyi,15000000
887,house for,3,(VI),5000000
888,terraced duplex,4,Lekki,2700000
889,semi-detached duplex,4,Lekki,3500000
890,terraced duplex,4,Lekki,2700000
891,semi-detached duplex,4,Lekki,3500000
892,semi-detached duplex,4,Lekki,3500000
893,semi-detached duplex,4,Lekki,3500000
894,terraced duplex,4,Lekki,3500000
895,detached duplex,4,Lekki,3800000
896,semi-detached duplex,4,Lekki,2000000
897,house for,4,Lekki,3000000
898,semi-detached duplex,4,Ikeja,4000000
899,terraced duplex,4,Lekki,6000000
900,house for,4,Lekki,3000000
901,terraced duplex,4,Lekki,3200000
902,terraced duplex,4,Ikoyi,4000000
903,terraced duplex,3,Lekki,1500000
904,terraced duplex,4,Lekki,3700000
905,house for,4,Lekki,4500000
906,terraced duplex,3,Lekki,3000000
907,terraced duplex,4,Lekki,3500000
908,terraced duplex,4,Lekki,3500000
909,semi-detached duplex,4,Lekki,4500000
910,semi-detached duplex,4,Lekki,3000000
911,detached bungalow,4,Ikeja,10000000
912,detached duplex,5,Lekki,6500000
913,detached bungalow,3,Surulere,2000000
914,semi-detached duplex,4,Lekki,3000000
915,terraced duplex,4,Ikoyi,15000000
916,semi-detached duplex,4,Lekki,3500000
917,semi-detached duplex,4,Ajah,2000000
918,detached duplex,4,Lekki,4000000
919,semi-detached duplex,5,Lekki,4500000
920,terraced duplex,4,Lekki,6000000
921,terraced duplex,5,Lekki,5500000
922,semi-detached duplex,5,(VI),7000000
923,terraced duplex,4,Lekki,5000000
924,semi-detached duplex,6,Lekki,5000000
925,detached duplex,4,Lekki,1800000
926,detached duplex,5,Lekki,7200000
927,terraced duplex,4,Ajah,1800000
928,terraced duplex,3,Ajah,1500000
929,detached duplex,6,Lekki,8500000
930,terraced duplex,3,Yaba,3500000
931,house for,4,Ikoyi,8500000
932,detached duplex,5,Lekki,9000000
933,terraced duplex,4,Ikoyi,8500000
934,semi-detached duplex,4,Ikoyi,8500000
935,semi-detached duplex,4,Ajah,2500000
936,semi-detached duplex,3,Lekki,4500000
937,for rent,Detached,Ikoyi,15000000
938,terraced duplex,4,Lekki,3000000
939,semi-detached duplex,3,Ajah,1000000
940,terraced duplex,4,(VI),4000000
941,detached duplex,5,Ikeja,110000000
942,terraced duplex,4,Lekki,4500000
943,detached duplex,5,Lekki,3000000
944,terraced duplex,3,Lekki,1800000
945,semi-detached duplex,6,Lekki,5000000
946,terraced duplex,5,Ikoyi,8000000
947,terraced duplex,3,Ikoyi,12000000
948,terraced duplex,5,Lekki,2500000
949,detached duplex,5,Ajah,3400000
950,terraced duplex,400000000,Lekki,3200000
951,detached bungalow,4,Ajah,4000000
952,detached duplex,4,Lekki,4000000
953,house for,4,Ikoyi,20000000
954,terraced duplex,3,Lekki,1800000
955,terraced duplex,4,Ikoyi,10000000
956,detached duplex,4,Lekki,3500000
957,terraced duplex,4,Lekki,3000000
958,terraced duplex,3,Ikoyi,12500000
959,terraced duplex,3,Ikoyi,13000000
960,detached duplex,4,Ajah,4000000
961,semi-detached duplex,4,Lekki,4500000
962,house for,3,Lekki,2300000
963,terraced duplex,4,Lekki,3000000
964,detached duplex,5,Lekki,4500000
965,detached duplex,5,Lekki,3800000
966,semi-detached duplex,6,Lekki,5000000
967,detached duplex,5,Lekki,3000000
968,semi-detached duplex,4,Lekki,3000000
969,semi-detached duplex,5,Ikoyi,9500000
970,terraced duplex,3,Isheri,2000000
971,detached duplex,5,Lekki,4500000
972,detached duplex,4,Lekki,4500000
973,detached duplex,5,Lekki,3500000
974,detached duplex,5,Lekki,4500000
975,house for,2,Lekki,2200000
976,terraced duplex,4,Lekki,2500000
977,terraced duplex,5,Ajah,1500000
978,terraced duplex,4,Lekki,4500000
979,semi-detached duplex,6,Lekki,5000000
980,terraced duplex,4,Lekki,3000000
981,detached duplex,5,Lekki,8000000
982,terraced duplex,4,Lekki,5500000
983,terraced duplex,3,Ikoyi,7500000
984,detached duplex,5,Lekki,4500000
985,terraced duplex,3,(VI),3300000
986,detached duplex,5,Lekki,4500000
987,terraced duplex,3,Lekki,1500000
988,semi-detached bungalow,3,Ajah,1000000
989,detached duplex,4,Lekki,4500000
990,terraced duplex,4,Lekki,3000000
991,terraced duplex,3,Lekki,2500000
992,terraced duplex,4,Lekki,3000000
993,terraced duplex,4,Lekki,3000000
994,house for,3,Ibeju,700000
995,house for,3,Lekki,700000
996,detached duplex,5,(VI),10000000
997,detached duplex,5,Lekki,2500000
998,semi-detached duplex,4,Lekki,3500000
999,detached duplex,4,Lekki,4000000
1000,terraced duplex,4,Lekki,6000000
1001,semi-detached duplex,4,Lekki,2500000
1002,terraced duplex,3,Lekki,1200000
1003,terraced duplex,4,Lekki,3000000
1004,terraced duplex,4,Lekki,4000000
1005,terraced duplex,4,Lekki,3000000
1006,terraced duplex,4,Lekki,3500000
1007,semi-detached duplex,4,Lekki,3000000
1008,terraced duplex,3,Lekki,1500000
1009,detached duplex,4,Ikoyi,10000000
1010,terraced duplex,4,Lekki,3500000
1011,house for,2,Lekki,3000000
1012,terraced duplex,4,Lekki,3000000
1013,semi-detached duplex,4,Lekki,4500000
1014,terraced duplex,4,Ikoyi,12000000
1015,detached duplex,4,Magodo,3000000
1016,terraced duplex,5,Lekki,2500000
1017,terraced duplex,4,Lekki,3000000
1018,detached duplex,4,Lekki,47000000
1019,terraced duplex,3,Ikoyi,11500000
1020,terraced duplex,4,Lekki,3000000
1021,terraced duplex,4,Lekki,4200000
1022,terraced duplex,4,Lekki,4500000
1023,terraced duplex,3,(VI),10000000
1024,terraced duplex,4,Lekki,5000000
1025,terraced duplex,5,Ikoyi,8000000
1026,terraced duplex,3,Ikoyi,12000000
1027,terraced duplex,4,Ikoyi,7000000
1028,terraced duplex,4,Ikoyi,8000000
1029,terraced duplex,3,Lekki,1500000
1030,terraced duplex,4,Ikoyi,9000000
1031,terraced duplex,4,Ikoyi,12500000
1032,house for,4,Ikoyi,8000000
1033,terraced duplex,4,Ikoyi,8000000
1034,terraced duplex,4,Ikoyi,7000000
1035,terraced duplex,3,Ikoyi,10000000
1036,terraced duplex,4,Ikoyi,8000000
1037,terraced duplex,4,Ikoyi,100000
1038,terraced duplex,3,Ikoyi,8000000
1039,detached duplex,5,Lekki,8000000
1040,terraced duplex,4,(VI),5000000
1041,house for,4,Ikoyi,14000000
1042,terraced duplex,4,Ikoyi,8000000
1043,semi-detached duplex,3,Lekki,1800000
1044,semi-detached duplex,4,Lekki,3000000
1045,detached duplex,4,Lekki,10000000
1046,terraced duplex,4,Lekki,4500000
1047,terraced duplex,4,Lekki,4200000
1048,terraced duplex,3,Lekki,2500000
1049,semi-detached duplex,4,Lekki,3500000
1050,semi-detached duplex,6,Lekki,5000000
1051,terraced duplex,4,Lekki,3000000
1052,semi-detached duplex,4,Ikoyi,7000000
1053,terraced duplex,3,Lekki,3000000
1054,semi-detached duplex,4,Lekki,3500000
1055,semi-detached duplex,4,Lekki,3500000
1056,semi-detached duplex,4,Lekki,3500000
1057,terraced duplex,4,Lekki,6000000
1058,terraced duplex,5,Ikoyi,13000000
1059,terraced duplex,4,Ikoyi,8000000
1060,terraced duplex,4,(VI),4000000
1061,semi-detached duplex,4,Ikeja,6000000
1062,house for,4,Lekki,3500000
1063,detached duplex,4,Ojodu,1300000
1064,semi-detached bungalow,3,Ajah,1500000
1065,detached duplex,4,Ajah,2500000
1066,detached duplex,5,Ikeja,5000000
1067,terraced duplex,4,Ikoyi,9000000
1068,terraced duplex,4,Ikoyi,10000000
1069,terraced duplex,3,Ikoyi,7000000
1070,terraced duplex,4,Ikoyi,10000000
1071,semi-detached duplex,6,Lekki,5000000
1072,terraced duplex,4,Ikoyi,8000000
1073,terraced duplex,4,Lekki,4200000
1074,terraced duplex,4,Lekki,3000000
1075,detached duplex,4,Lekki,2500000
1076,semi-detached duplex,4,Lekki,4000000
1077,semi-detached duplex,5,Lekki,6500000
1078,semi-detached duplex,4,Lekki,4000000
1079,terraced duplex,5,Ikoyi,12000000
1080,terraced duplex,4,Lekki,3000000
1081,terraced duplex,4,Lekki,3000000
1082,terraced duplex,4,Ikoyi,15000000
1083,house for,3,Maryland,2500000
1084,terraced duplex,4,Lekki,5000000
1085,terraced duplex,4,Lekki,4500000
1086,terraced duplex,4,Lekki,3000000
1087,semi-detached duplex,4,Lekki,2500000
1088,terraced duplex,4,Lekki,2500000
1089,terraced duplex,4,(VI),4000000
1090,detached duplex,5,Ajah,3500000
1091,terraced duplex,3,Ajah,1500000
1092,semi-detached duplex,6,Lekki,5000000
1093,detached duplex,5,Lekki,5000000
1094,house for,4,Ikoyi,6000000
1095,detached duplex,5,Lekki,15000000
1096,semi-detached duplex,3,Lekki,4000000
1097,detached bungalow,5,Maryland,3000000
1098,semi-detached duplex,5,Ikoyi,16000000
1099,detached duplex,4,Lekki,4000000
1100,terraced duplex,4,Lekki,3000000
1101,terraced duplex,3,Ikoyi,7000000
1102,for rent,Semi-detached,Ikoyi,6000000
1103,terraced duplex,3,Ikoyi,16000000
1104,terraced duplex,4,(VI),20000000
1105,terraced duplex,4,Ikeja,3200000
1106,terraced duplex,4,Ikoyi,Call for Price
1107,detached duplex,5,Lekki,3800000
1108,house for,3,Lekki,3500000
1109,detached duplex,4,Lekki,6000000
1110,terraced duplex,4,Lekki,3000000
1111,semi-detached duplex,5,Lekki,3500000
1112,detached duplex,5,Lekki,10000000
1113,terraced duplex,3,Lekki,1500000
1114,house for,4,Lekki,3000000
1115,house for,3,(VI),5000000
1116,detached duplex,4,Magodo,4500000
1117,terraced duplex,4,Lekki,2800000
1118,semi-detached duplex,4,Lekki,3000000
1119,detached duplex,4,Lekki,4500000
1120,semi-detached duplex,4,Lekki,3000000
1121,semi-detached duplex,4,(VI),5000000
1122,semi-detached duplex,5,Ikoyi,16000000
1123,terraced duplex,3,Lekki,2500000
1124,detached duplex,6,Ikoyi,45000000
1125,terraced duplex,4,Lekki,3000000
1126,terraced duplex,4,Lekki,3000000
1127,terraced duplex,3,Ikoyi,15000000
1128,terraced duplex,3,Ikoyi,18000000
1129,terraced duplex,4,(VI),6000000
1130,semi-detached duplex,4,Ikoyi,9000000
1131,terraced duplex,4,Lekki,3000000
1132,terraced duplex,4,Lekki,3500000
1133,terraced duplex,4,Lekki,3000000
1134,terraced duplex,3,Lekki,1500000
1135,terraced bungalow,4,Lekki,2800000
1136,detached duplex,4,Lekki,4500000
1137,semi-detached duplex,4,Lekki,3500000
1138,terraced duplex,4,Lekki,4500000
1139,terraced duplex,4,Lekki,3000000
1140,terraced duplex,4,Lekki,3500000
1141,terraced duplex,4,Lekki,3500000
1142,detached duplex,5,Lekki,8500000
1143,terraced duplex,4,Lekki,3000000
1144,detached duplex,5,Ajah,2500000
1145,detached duplex,4,Lekki,2500000
1146,terraced duplex,4,Lekki,5000000
1147,detached duplex,4,Magodo,3500000
1148,house for,2,Ajah,800000
1149,terraced duplex,4,Lekki,5000000
1150,detached duplex,4,Magodo,3500000
1151,semi-detached duplex,4,Lekki,2000000
1152,terraced duplex,4,Lekki,4500000
1153,terraced duplex,4,Lekki,3500000
1154,semi-detached duplex,4,Lekki,3500000
1155,semi-detached duplex,6,Lekki,5000000
1156,semi-detached duplex,5,Lekki,4000000
1157,detached duplex,4,Lekki,4500000
1158,terraced duplex,4,Lekki,3500000
1159,terraced duplex,4,Lekki,3300000
1160,house for,3,(VI),3500000
1161,terraced duplex,3,Ajah,1300000
1162,terraced duplex,4,Ikoyi,8300000
1163,terraced duplex,5,(VI),9500000
1164,detached duplex,5,Ikoyi,18000000
1165,terraced duplex,4,Lekki,3000000
1166,house for,3,Ikeja,3500000
1167,detached duplex,4,Lekki,3800000
1168,house for,3,Lekki,3000000
1169,house for,4,Surulere,2300000
1170,semi-detached duplex,4,Lekki,3500000
1171,detached duplex,5,Lekki,3700000
1172,terraced duplex,4,Lekki,3500000
1173,house for,3,Lekki,2000000
1174,house for,4,Ojodu,1400000
1175,terraced duplex,4,Lekki,3500000
1176,terraced duplex,3,Lekki,1500000
1177,terraced duplex,4,Ikoyi,15000000
1178,house for,3,Lekki,3000000
1179,terraced duplex,4,Ikoyi,12000000
1180,house for,3,Lekki,4500000
1181,semi-detached duplex,5,Lekki,6000000
1182,semi-detached duplex,3,Ikoyi,6000000
1183,terraced duplex,4,Lekki,3000000
1184,semi-detached duplex,4,Lekki,3000000
1185,for rent,Detached,Lekki,6000000
1186,terraced duplex,4,Lekki,3500000
1187,terraced duplex,4,Lekki,4000000
1188,terraced duplex,4,Lekki,3500000
1189,terraced duplex,4,Lekki,3000000
1190,semi-detached duplex,5,(VI),7500000
1191,terraced duplex,4,Lekki,3500000
1192,terraced duplex,4,Lekki,3500000
1193,semi-detached duplex,4,Lekki,3000000
1194,terraced duplex,3,Ajah,1300000
1195,house for,5,Ikoyi,22000000
1196,terraced duplex,4,Lekki,4500000
1197,semi-detached duplex,6,Lekki,5000000
1198,semi-detached duplex,5,Ikoyi,5000000
1199,house for,3,Lekki,2000000
1200,house for,2,Ajah,650000
1201,semi-detached duplex,4,Lekki,3600000
1202,semi-detached bungalow,2,Ajah,1000000
1203,detached duplex,5,Lekki,10000000
1204,detached duplex,3,Lekki,3000000
1205,house for,1,Ajah,600000
1206,semi-detached duplex,5,Ikoyi,25000000
1207,detached duplex,6,Ikoyi,50000000
1208,terraced duplex,3,Ikoyi,15000000
1209,semi-detached duplex,5,Lekki,4500000
1210,detached duplex,5,Ajah,3600000
1211,detached duplex,4,Lekki,4500000
1212,for rent,Semi-detached,Ikoyi,25000000
1213,terraced duplex,4,Ikeja,65000000
1214,detached duplex,6,Ikeja,15000000
1215,semi-detached duplex,5,Ikeja,8000000
1216,detached duplex,5,Lekki,8000000
1217,house for,4,Lekki,4000000
1218,terraced duplex,3,Lekki,1500000
1219,detached duplex,5,Lekki,6500000
1220,detached duplex,4,Lekki,5000000
1221,terraced duplex,3,Lekki,1500000
1222,terraced duplex,4,Ikoyi,6500000
1223,detached duplex,5,Lekki,6500000
1224,detached duplex,5,Lekki,15000000
1225,semi-detached bungalow,2,Ajah,900000
1226,terraced duplex,4,Lekki,6000000
1227,terraced duplex,5,Ikoyi,8000000
1228,semi-detached duplex,3,Ajah,950000
1229,terraced duplex,4,Lekki,7000000
1230,house for,4,Ikoyi,8000000
1231,terraced duplex,3,Ikoyi,7000000
1232,semi-detached duplex,5,Ikoyi,16000000
1233,terraced duplex,4,Ikoyi,11000000
1234,terraced duplex,4,Ikoyi,8000000
1235,terraced duplex,3,Ajah,1400000
1236,detached duplex,4,Lekki,4500000
1237,terraced duplex,4,Lekki,3000000
1238,terraced duplex,4,Ikoyi,9000000
1239,terraced duplex,3,Lekki,1500000
1240,terraced duplex,3,Ikoyi,9000000
1241,terraced duplex,4,(VI),20000000
1242,house for,3,Maryland,2300000
1243,terraced duplex,3,Gbagada,2300000
1244,semi-detached duplex,4,Lekki,3000000
1245,detached duplex,4,Lekki,3000000
1246,semi-detached duplex,4,Lekki,3800000
1247,detached duplex,3,(VI),10000000
1248,semi-detached duplex,5,Ikeja,15000000
1249,terraced duplex,4,Lekki,3600000
1250,terraced duplex,2,Ajah,1500000
1251,terraced duplex,4,Lekki,6000000
1252,detached duplex,4,Ikoyi,13000000
1253,detached duplex,4,Lekki,3500000
1254,semi-detached duplex,4,Lekki,3500000
1255,terraced duplex,4,Ikoyi,4500000
1256,terraced duplex,4,Ikoyi,15000000
1257,terraced duplex,4,Lekki,3000000
1258,terraced duplex,4,Ikeja,7000000
1259,detached duplex,5,Lekki,4200000
1260,house for,4,Lekki,4000000
1261,terraced duplex,4,Lekki,6000000
1262,terraced duplex,4,Lekki,5500000
1263,semi-detached duplex,4,Lekki,3500000
1264,detached duplex,5,Lekki,3500000
1265,terraced duplex,5,Lekki,3500000
1266,terraced duplex,4,Lekki,2800000
1267,semi-detached duplex,4,Ajah,1500000
1268,semi-detached duplex,4,(VI),6500000
1269,detached duplex,4,Lekki,4000000
1270,terraced duplex,4,Ikoyi,9000000
1271,terraced duplex,4,Lekki,5000000
1272,terraced duplex,4,Ikoyi,17000000
1273,terraced duplex,3,Ikoyi,16000000
1274,terraced duplex,3,Lekki,2500000
1275,detached duplex,5,Lekki,6000000
1276,terraced duplex,4,Ajah,1800000
1277,semi-detached duplex,4,Ikoyi,12000000
1278,semi-detached duplex,4,Lekki,4000000
1279,house for,3,Ajah,1000000
1280,semi-detached duplex,5,Lekki,5500000
1281,house for,4,Lekki,4000000
1282,terraced duplex,5,Lekki,7000000
1283,terraced duplex,4,Lekki,3000000
1284,semi-detached duplex,4,Lekki,2000000
1285,detached duplex,5,Lekki,3500000
1286,detached duplex,5,Lekki,7000000
1287,semi-detached duplex,4,Lekki,3500000
1288,detached duplex,5,Lekki,4500000
1289,terraced duplex,4,Lekki,3000000
1290,terraced duplex,4,Ikoyi,8000000
1291,terraced duplex,3,Ikoyi,11000000
1292,terraced duplex,5,Lekki,3000000
1293,terraced duplex,4,Lekki,4500000
1294,for rent,Detached,(VI),35000000
1295,terraced duplex,5,Lekki,6000000
1296,detached duplex,4,Ajah,2200000
1297,semi-detached duplex,4,Lekki,3000000
1298,semi-detached duplex,4,Lekki,4000000
1299,detached duplex,4,Ajah,2500000
1300,terraced duplex,4,Ikoyi,15000000
1301,detached duplex,5,Lekki,4500000
1302,terraced duplex,3,Lekki,1500000
1303,detached duplex,4,Lekki,3500000
1304,detached duplex,5,Lekki,5500000
1305,detached duplex,5,Lekki,5500000
1306,detached duplex,9,(VI),15000000
1307,semi-detached duplex,4,Lekki,4000000
1308,semi-detached duplex,4,Ajah,1700000
1309,terraced duplex,4,Yaba,4000000
1310,detached duplex,5,Lekki,5000000
1311,house for,3,Lekki,2500000
1312,semi-detached duplex,4,Lekki,3500000
1313,semi-detached duplex,4,Lekki,3500000
1314,house for,2,(VI),5000000
1315,detached duplex,5,Lekki,4500000
1316,semi-detached duplex,4,Lekki,4000000
1317,semi-detached duplex,4,North,2500000
1318,house for,4,Lekki,7500000
1319,semi-detached duplex,4,North,2000000
1320,detached duplex,4,Ikeja,3000000
1321,semi-detached duplex,4,Lekki,4000000
1322,semi-detached duplex,4,Lekki,3500000
1323,semi-detached duplex,6,Lekki,5000000
1324,terraced duplex,4,Lekki,3000000
1325,house for,3,Ajah,1500000
1326,terraced duplex,4,Lekki,3000000
1327,detached duplex,4,Ajah,4000000
1328,semi-detached duplex,5,Lekki,6000000
1329,terraced duplex,4,(VI),4000000
1330,house for,3,Ikoyi,10000000
1331,detached bungalow,1,Ikoyi,7000000
1332,semi-detached duplex,4,Lekki,3500000
1333,terraced duplex,4,Lekki,6000000
1334,terraced duplex,4,Lekki,4500000
1335,terraced duplex,3,Lekki,4000000
1336,semi-detached duplex,5,Lekki,5000000
1337,terraced duplex,3,Ikoyi,12000000
1338,terraced duplex,4,Lekki,3000000
1339,semi-detached duplex,4,Lekki,3500000
1340,detached duplex,5,Ikoyi,13000000
1341,terraced duplex,4,Ajah,2200000
1342,terraced duplex,4,Lekki,3000000
1343,terraced duplex,4,Lekki,8000000
1344,terraced duplex,3,Lekki,1500000
1345,semi-detached bungalow,2,Ikorodu,350000
1346,semi-detached duplex,4,Lekki,3000000
1347,terraced duplex,4,Lekki,1800000
1348,semi-detached duplex,16,Lekki,5000000
1349,terraced duplex,3,Lekki,3800000
1350,detached duplex,4,Lekki,6000000
1351,detached duplex,4,Lekki,7500000
1352,terraced duplex,4,(VI),20000000
1353,detached duplex,6,Lekki,8000000
1354,terraced duplex,4,(VI),5000000
1355,house for,3,Ikoyi,15000000
1356,terraced duplex,4,Lekki,5000000
1357,semi-detached duplex,4,Lekki,5000000
1358,terraced duplex,4,Ikoyi,13000000
1359,semi-detached duplex,4,Lekki,6000000
1360,terraced duplex,4,(VI),5000000
1361,detached duplex,4,Lekki,5000000
1362,semi-detached duplex,4,Lekki,6500000
1363,terraced duplex,4,(VI),7000000
1364,terraced duplex,4,Lekki,4500000
1365,semi-detached duplex,6,Lekki,5000000
1366,terraced duplex,4,(VI),3800000
1367,terraced duplex,4,Lekki,4000000
1368,semi-detached duplex,4,Lekki,3500000
1369,terraced duplex,4,Lekki,3200000
1370,detached duplex,5,Lekki,4000000
1371,semi-detached duplex,3,Lekki,4000000
1372,terraced duplex,3,Magodo,10000000
1373,detached duplex,4,Lekki,4000000
1374,detached duplex,4,Lekki,4000000
1375,detached duplex,5,Lekki,5000000
1376,detached duplex,5,Lekki,9000000
1377,terraced duplex,4,Ikoyi,17000000
1378,terraced duplex,4,(VI),14000000
1379,detached duplex,8,(VI),30000000
1380,terraced duplex,4,(VI),90000
1381,semi-detached duplex,4,Ikoyi,15000000
1382,terraced duplex,4,Ikoyi,16000000
1383,semi-detached duplex,4,Ikoyi,8000000
1384,detached duplex,4,Ikoyi,17000000
1385,detached duplex,3,Lekki,2500000
1386,terraced duplex,3,Lekki,1500000
1387,terraced duplex,3,Ajah,35000000
1388,semi-detached duplex,4,Ikoyi,6000000
1389,detached duplex,5,Lekki,5000000
1390,terraced duplex,4,Ajah,1500000
1391,detached duplex,5,Lekki,5000000
1392,terraced duplex,3,Ikoyi,13000000
1393,semi-detached duplex,4,Lekki,3500000
1394,semi-detached duplex,5,Lekki,5500000
1395,detached duplex,5,Lekki,6500000
1396,house for,3,Ikeja,4000000
1397,semi-detached duplex,5,Lekki,3000000
1398,detached duplex,5,Lekki,15000000
1399,terraced duplex,3,Lekki,3500000
1400,detached duplex,5,Lekki,9000000
1401,detached duplex,5,Lekki,15000000
1402,semi-detached bungalow,3,Ajah,750000
1403,terraced duplex,3,Ikoyi,13000000
1404,terraced duplex,3,Ikoyi,16000000
1405,house for,5,Lekki,4000000
1406,terraced duplex,4,Lekki,4000000
1407,house for,4,Lekki,4000000
1408,terraced duplex,3,Lekki,2000000
1409,terraced duplex,4,Lekki,4000000
1410,terraced duplex,4,Lekki,6000000
1411,semi-detached duplex,3,Lekki,4500000
1412,detached duplex,4,Lekki,4000000
1413,detached duplex,4,(VI),4500000
1414,terraced duplex,4,Lekki,2500000
1415,detached duplex,4,Ikoyi,5500000
1416,semi-detached duplex,4,Lekki,3200000
1417,detached duplex,4,Lekki,6000000
1418,terraced duplex,5,Magodo,5500000
1419,detached duplex,3,Lekki,4000000
1420,detached bungalow,3,Lekki,3000000
1421,terraced duplex,3,North,1200000
1422,detached duplex,4,Lekki,4500000
1423,house for,6,Shomolu,1300000
1424,terraced duplex,3,Ikoyi,10000000
1425,detached duplex,4,Ajah,4000000
1426,terraced duplex,5,Lekki,5000000
1427,detached duplex,5,(VI),5000000
1428,house for,4,Lekki,4000000
1429,terraced duplex,4,Ikoyi,9000000
1430,detached duplex,9,(VI),20000000
1431,semi-detached duplex,4,Lekki,4000000
1432,terraced duplex,3,Lekki,4000000
1433,terraced duplex,3,Lekki,4500000
1434,terraced duplex,4,Lekki,3000000
1435,detached duplex,8,(VI),5000000
1436,terraced duplex,5,Lekki,2500000
1437,terraced duplex,4,Lekki,4500000
1438,detached duplex,5,Lekki,5500000
1439,terraced duplex,3,Lekki,4500000
1440,terraced duplex,5,Ikoyi,8000000
1441,terraced duplex,4,Ikoyi,9000000
1442,for rent,Detached,(VI),35000000
1443,detached duplex,5,Ikeja,10000000
1444,terraced duplex,4,Lekki,3000000
1445,terraced duplex,3,Lekki,3000000
1446,semi-detached duplex,4,Lekki,4000000
1447,terraced duplex,5,(VI),20000000
1448,terraced duplex,4,Lekki,4500000
1449,semi-detached duplex,6,Lekki,5000000
1450,terraced duplex,4,Lekki,3000000
1451,terraced duplex,4,Ikoyi,13000000
1452,detached duplex,5,Lekki,8000000
1453,semi-detached duplex,4,Lekki,4000000
1454,semi-detached duplex,4,Lekki,3000000
1455,terraced duplex,3,Lekki,3500000
1456,terraced duplex,3,Lekki,1500000
1457,terraced duplex,4,Ikoyi,15000000
1458,house for,4,Lekki,3500000
1459,house for,3,Lekki,3300000
1460,detached duplex,4,Lekki,2800000
1461,terraced duplex,4,Lekki,3500000
1462,terraced duplex,4,Ikoyi,10000000
1463,house for,4,Ikoyi,8500000
1464,semi-detached duplex,4,Ajah,1800000
1465,terraced duplex,4,Lekki,3000000
1466,terraced duplex,4,(VI),120000000
1467,for rent,Semi-detached,Ajah,2500000
1468,terraced duplex,4,(VI),5000000
1469,terraced duplex,3,Lekki,3000000
1470,terraced duplex,3,Lekki,1500000
1471,terraced duplex,4,Lekki,2800000
1472,terraced duplex,4,Ikoyi,14000000
1473,detached duplex,4,Lekki,5000000
1474,house for,4,Ikoyi,21000000
1475,semi-detached duplex,4,Lekki,4000000
1476,semi-detached duplex,4,Lekki,3200000
1477,semi-detached duplex,2,Lekki,1800000
1478,terraced duplex,3,Ikoyi,15000000
1479,detached duplex,4,Lekki,6000000
1480,semi-detached duplex,4,Lekki,3500000
1481,semi-detached duplex,4,Lekki,5000000
1482,terraced duplex,4,Ikoyi,16000000
1483,detached duplex,5,Lekki,4500000
1484,house for,4,Lekki,3500000
1485,semi-detached duplex,5,Lekki,15000000
1486,terraced duplex,4,Lekki,4500000
1487,terraced duplex,4,Lekki,4500000
1488,detached duplex,5,Lekki,5000000
1489,semi-detached duplex,5,(VI),7000000
1490,detached duplex,4,Lekki,4000000
1491,terraced duplex,3,Lekki,1500000
1492,semi-detached duplex,5,Ajah,4500000
1493,terraced duplex,4,Ikoyi,10000000
1494,terraced duplex,4,Lekki,3000000
1495,semi-detached duplex,4,Lekki,3500000
1496,detached duplex,4,Lekki,2300000
1497,terraced duplex,3,Lekki,3500000
1498,terraced duplex,3,Lekki,4500000
1499,semi-detached duplex,4,Lekki,6000000
1500,semi-detached duplex,4,Lekki,3500000
1501,detached duplex,4,Lekki,8500000
1502,semi-detached duplex,6,Lekki,4000000
1503,terraced duplex,3,Lekki,4000000
1504,house for,4,Lekki,3500000
1505,terraced duplex,5,Ajah,1500000
1506,semi-detached duplex,4,Lekki,3500000
1507,terraced duplex,3,Lekki,4000000
1508,detached duplex,4,Ajah,2000000
1509,semi-detached duplex,5,Ilupeju,4000000
1510,semi-detached duplex,4,Lekki,4000000
1511,semi-detached duplex,4,Alimosho,1000000
1512,semi-detached duplex,6,Lekki,5000000
1513,terraced duplex,4,Ikoyi,10000000
1514,detached duplex,5,Ajah,4500000
1515,terraced duplex,3,Lekki,3500000
1516,semi-detached duplex,5,Magodo,5000000
1517,detached duplex,4,Lekki,5000000
1518,semi-detached duplex,4,Lekki,3500000
1519,semi-detached duplex,4,Lekki,4000000
1520,terraced duplex,4,Lekki,6500000
1521,detached duplex,5,Ikoyi,25000000
1522,detached duplex,5,Ikoyi,12000000
1523,terraced duplex,4,Lekki,3000000
1524,terraced duplex,3,Ikoyi,12000000
1525,terraced duplex,5,Ikoyi,13000000
1526,terraced duplex,4,Ikoyi,10000000
1527,terraced duplex,4,Ikoyi,14000000
1528,detached duplex,5,Ikoyi,20000000
1529,semi-detached duplex,3,Lekki,2500000
1530,semi-detached bungalow,4,Lekki,3800000
1531,terraced duplex,4,Lekki,6000000
1532,semi-detached duplex,4,Lekki,4000000
1533,house for,4,Lekki,4000000
1534,house for,3,Ajah,1400000
1535,terraced duplex,4,Lekki,3000000
1536,terraced duplex,4,Lekki,3500000
1537,semi-detached duplex,3,Lekki,4000000
1538,house for,5,Ikoyi,19000000
1539,house for,5,Ikoyi,20000000
1540,terraced duplex,4,Lekki,4000000
1541,house for,4,Ikoyi,18000000
1542,detached duplex,4,Lekki,4500000
1543,terraced duplex,4,Ikeja,10000000
1544,detached duplex,5,Ikeja,10000000
1545,detached duplex,6,Lekki,7000000
1546,semi-detached duplex,5,Lekki,2500000
1547,terraced duplex,4,Lekki,3000000
1548,detached duplex,6,Lekki,15000000
1549,house for,1,Ojo,130000
1550,rent,House,Ojo,130000
1551,semi-detached duplex,4,Lekki,3500000
1552,rent,House,Ojo,300000
1553,terraced duplex,4,Lekki,3200000
1554,terraced duplex,3,Lekki,1500000
1555,semi-detached duplex,3,Lekki,2000000
1556,terraced duplex,4,(VI),7000000
1557,terraced duplex,4,Lekki,4500000
1558,terraced duplex,4,Lekki,5000000
1559,terraced duplex,4,Lekki,6500000
1560,detached duplex,6,Lekki,12000000
1561,semi-detached duplex,5,Ajah,2800000
1562,semi-detached duplex,4,Lekki,3000000
1563,detached duplex,4,Lekki,6000000
1564,semi-detached duplex,4,Lekki,6000000
1565,semi-detached duplex,4,Lekki,3500000
1566,semi-detached duplex,4,Ajah,1500000
1567,house for,1,Ojo,180000
1568,detached duplex,5,Ikoyi,10000000
1569,house for,4,(VI),6500000
1570,for rent,Semi-detached,Ikoyi,6000000
1571,terraced duplex,4,Lekki,4500000
1572,terraced duplex,4,(VI),4000000
1573,terraced duplex,4,Lekki,5000000
1574,terraced duplex,2,Ikoyi,10000000
1575,semi-detached duplex,6,Lekki,5000000
1576,terraced duplex,4,Lekki,5000000
1577,detached duplex,5,Ikoyi,12000000
1578,semi-detached duplex,4,Lekki,3500000
1579,terraced duplex,3,Lekki,2000000
1580,terraced duplex,3,Lekki,2500000
1581,terraced duplex,4,Ikoyi,10000000
1582,semi-detached duplex,4,Lekki,3000000
1583,semi-detached duplex,4,Lekki,3500000
1584,terraced duplex,4,Lekki,3500000
1585,terraced duplex,4,Lekki,6000000
1586,terraced duplex,3,Ikoyi,15000000
1587,detached duplex,5,(VI),9000000
1588,terraced duplex,4,Lekki,4500000
1589,semi-detached duplex,6,Surulere,4000000
1590,terraced duplex,4,Lekki,3000000
1591,terraced duplex,3,(VI),4000000
1592,detached duplex,5,Lekki,10000000
1593,terraced duplex,4,Lekki,3800000
1594,terraced duplex,4,Lekki,2500000
1595,semi-detached duplex,4,Lekki,2700000
1596,semi-detached duplex,6,Lekki,5000000
1597,terraced duplex,5,Ikoyi,9000000
1598,detached duplex,5,Lekki,7000000
1599,semi-detached duplex,5,Lekki,7000000
1600,detached duplex,5,Lekki,7000000
1601,detached duplex,4,Lekki,4500000
1602,terraced duplex,4,Lekki,4000000
1603,detached duplex,4,Lekki,4000000
1604,terraced duplex,4,(VI),6500000
1605,terraced duplex,4,Lekki,3200000
1606,detached duplex,7,Lekki,7000000
1607,terraced duplex,3,(VI),5000000
1608,semi-detached duplex,4,Ajah,3500000
1609,semi-detached duplex,4,Lekki,3000000
1610,terraced duplex,3,Ikoyi,12000000
1611,detached duplex,5,Lekki,15000000
1612,terraced duplex,4,Lekki,4500000
1613,detached duplex,5,Lekki,15000000
1614,for rent,Terraced,Ikoyi,6000000
1615,semi-detached duplex,5,Lekki,6500000
1616,terraced duplex,4,Lekki,3300000
1617,house for,4,Lekki,4000000
1618,rent,House,Ilupeju,1500000
1619,semi-detached bungalow,3,Lekki,800000
1620,detached duplex,4,Lekki,3500000
1621,terraced duplex,4,Lekki,47000000
1622,terraced duplex,4,Lekki,4000000
1623,terraced duplex,3,Ajah,1700000
1624,house for,3,(VI),5000000
1625,detached duplex,5,Lekki,12000000
1626,terraced duplex,4,Lekki,7500000
1627,terraced duplex,4,Lekki,3500000
1628,terraced duplex,4,Ikoyi,6000000
1629,terraced duplex,4,Lekki,3000000
1630,house for,3,Lekki,2500000
1631,house for,3,(VI),5500000
1632,terraced duplex,3,Ikeja,5500000
1633,terraced duplex,4,Lekki,3000000
1634,semi-detached duplex,4,Lekki,3500000
1635,semi-detached duplex,4,Lekki,3500000
1636,semi-detached bungalow,3,Ajah,1000000
1637,terraced duplex,4,Lekki,5000000
1638,house for,4,Lekki,4000000
1639,terraced duplex,4,Ikoyi,9000000
1640,semi-detached duplex,5,Ikoyi,9000000
1641,terraced duplex,5,Ikoyi,13000000
1642,semi-detached duplex,4,Ajah,2500000
1643,terraced duplex,4,Ikoyi,8000000
1644,semi-detached duplex,4,Lekki,2000000
1645,detached duplex,4,(VI),5000000
1646,terraced duplex,4,Ikoyi,7000000
1647,terraced duplex,3,Lekki,5000000
1648,terraced duplex,4,Ikoyi,15000000
1649,detached duplex,5,Lekki,8000000
1650,terraced duplex,4,(VI),4500000
1651,terraced duplex,4,(VI),4500000
1652,terraced duplex,4,Lekki,4500000
1653,terraced duplex,5,Lekki,5000000
1654,semi-detached duplex,5,Lekki,6000000
1655,terraced duplex,4,Ikoyi,10000000
1656,semi-detached duplex,4,Lekki,2500000
1657,semi-detached duplex,2,Lekki,1500000
1658,semi-detached duplex,3,Lekki,2400000
1659,semi-detached duplex,6,Lekki,5000000
1660,semi-detached duplex,4,Ajah,1700000
1661,detached duplex,5,Lekki,6500000
1662,terraced duplex,4,Lekki,2700000
1663,detached duplex,4,Lekki,5000000
1664,detached duplex,5,Ikeja,10000000
1665,semi-detached duplex,4,Ikoyi,8500000
1666,detached duplex,4,Lekki,4000000
1667,terraced duplex,4,Lekki,4500000
1668,detached duplex,5,Lekki,7000000
1669,terraced duplex,3,Lekki,4000000
1670,detached duplex,5,Lekki,15000000
1671,detached duplex,5,Lekki,9000000
1672,terraced duplex,4,Lekki,3000000
1673,terraced duplex,4,Lekki,3000000
1674,terraced duplex,3,Lekki,3700000
1675,detached duplex,4,(VI),11000000
1676,semi-detached duplex,5,Ikoyi,8500000
1677,detached duplex,4,Ikoyi,5500000
1678,detached duplex,5,Lekki,4000000
1679,house for,5,Lekki,4000000
1680,house for,4,Lekki,4000000
1681,semi-detached duplex,5,Lekki,4000000
1682,house for,3,(VI),2800000
1683,terraced duplex,4,Lekki,3000000
1684,detached bungalow,3,Ajah,1700000
1685,detached bungalow,4,Lekki,5000000
1686,house for,3,Lekki,2500000
1687,house for,5,Lekki,7000000
1688,terraced duplex,4,Lekki,40000000
1689,terraced duplex,4,Lekki,3000000
1690,terraced duplex,4,Lekki,4000000
1691,detached duplex,5,Lekki,7500000
1692,house for,3,Lekki,3500000
1693,detached duplex,4,Ajah,2500000
1694,terraced duplex,5,Lekki,3500000
1695,semi-detached duplex,4,Lekki,2000000
1696,semi-detached duplex,4,Ikoyi,8000000
1697,terraced duplex,3,Lekki,3500000
1698,semi-detached duplex,4,Lekki,4000000
1699,house for,3,Ikoyi,14000000
1700,detached duplex,5,Lekki,10000000
1701,terraced duplex,3,Lekki,1500000
1702,terraced duplex,4,Ikoyi,15000000
1703,terraced duplex,4,Lekki,2800000
1704,house for,4,Lekki,3500000
1705,semi-detached duplex,5,Magodo,5000000
1706,terraced duplex,3,Ajah,1800000
1707,detached duplex,6,(VI),20000000
1708,detached duplex,4,(VI),20000000
1709,terraced duplex,3,Ikoyi,10000000
1710,terraced duplex,3,Lekki,4000000
1711,house for,3,(VI),5500000
1712,detached duplex,5,Lekki,12000000
1713,semi-detached duplex,4,Lekki,3500000
1714,detached duplex,5,Lekki,6000000
1715,terraced duplex,4,Lekki,4800000
1716,terraced duplex,4,Ikoyi,13000000
1717,detached duplex,5,Lekki,4000000
1718,detached duplex,6,Agege,1500000
1719,terraced duplex,3,Ikoyi,10000000
1720,for rent,Detached,Lekki,10000000
1721,detached duplex,5,Lekki,12000000
1722,house for,4,Lekki,4000000
1723,semi-detached duplex,4,Lekki,4600000
1724,semi-detached duplex,4,Yaba,2500000
1725,detached duplex,5,Lekki,10000000
1726,detached duplex,5,Lekki,4500000
1727,terraced duplex,2,North,700000
1728,detached duplex,5,Lekki,6000000
1729,detached duplex,5,Lekki,7000000
1730,terraced duplex,4,Lekki,3500000
1731,detached duplex,7,(VI),25000000
1732,house for,3,Lekki,3000000
1733,house for,6,Ikoyi,45000000
1734,terraced duplex,3,Ajah,1600000
1735,semi-detached duplex,4,Lekki,4000000
1736,detached duplex,7,Lekki,7000000
1737,terraced duplex,4,Lekki,3000000
1738,detached duplex,4,Lekki,4000000
1739,detached duplex,5,Ikoyi,10000000
1740,semi-detached duplex,5,Ikoyi,15000000
1741,terraced duplex,3,Lekki,4500000
1742,terraced duplex,3,Lekki,4000000
1743,semi-detached duplex,6,Lekki,5000000
1744,house for,4,Ikoyi,15000000
1745,terraced duplex,4,Ikoyi,10000000
1746,semi-detached duplex,4,Surulere,3000000
1747,terraced duplex,4,Ikoyi,9000000
1748,terraced duplex,4,Ikoyi,15000000
1749,terraced duplex,4,Lekki,3700000
1750,terraced duplex,3,Lekki,4000000
1751,detached duplex,6,Ikeja,35000000
1752,terraced duplex,4,Ikoyi,8000000
1753,terraced duplex,4,Ikoyi,8500000
1754,terraced duplex,4,Ikoyi,12000000
1755,terraced duplex,4,Ikoyi,7500000
1756,terraced duplex,4,Ikoyi,15000000
1757,semi-detached duplex,4,Lekki,3000000
1758,semi-detached duplex,4,Lekki,4500000
1759,detached duplex,3,(VI),10000000
1760,semi-detached duplex,5,(VI),5500000
1761,terraced duplex,4,(VI),5000000
1762,detached duplex,4,Lekki,1800000
1763,semi-detached duplex,4,Lekki,2000000
1764,terraced duplex,3,Lekki,1500000
1765,detached duplex,45,Lekki,3000000
1766,detached duplex,4,Ajah,2500000
1767,semi-detached duplex,4,Lekki,5000000
1768,terraced duplex,4,Ikeja,3500000
1769,detached duplex,5,Ikeja,15000000
1770,terraced duplex,4,Ikoyi,13000000
1771,detached duplex,4,Lekki,3000000
1772,terraced duplex,4,Ikoyi,8000000
1773,terraced duplex,4,Lekki,4500000
1774,terraced duplex,5,Lekki,6000000
1775,terraced duplex,3,Ikoyi,13500000
1776,terraced duplex,3,Lekki,5500000
1777,house for,4,Ikoyi,17000000
1778,detached bungalow,4,Lekki,5000000
1779,terraced duplex,3,Ajah,1800000
1780,terraced duplex,4,Ikoyi,15000000
1781,terraced duplex,3,Lekki,5000000
1782,terraced duplex,3,Ikeja,3500000
1783,terraced duplex,3,Yaba,3000000
1784,terraced duplex,4,(VI),5000000
1785,house for,4,Lekki,4000000
1786,house for,4,Ikoyi,12000000
1787,terraced duplex,3,Lekki,4000000
1788,terraced duplex,4,Ikoyi,20000000
1789,semi-detached duplex,4,(VI),6000000
1790,semi-detached duplex,4,Lekki,4500000
1791,terraced duplex,4,Ikoyi,16000000
1792,terraced duplex,4,Ikoyi,8000000
1793,terraced duplex,4,Ikoyi,18000000
1794,terraced duplex,4,Ikoyi,15000000
1795,terraced duplex,4,Ikoyi,10000000
1796,semi-detached bungalow,4,Ikoyi,13000000
1797,terraced duplex,3,Lekki,1800000
1798,detached duplex,5,Lekki,4500000
1799,detached duplex,4,(VI),15000000
1800,semi-detached duplex,3,Ikoyi,9000000
1801,detached bungalow,2,Ikorodu,180000
1802,semi-detached duplex,4,Lekki,4000000
1803,detached duplex,5,Lekki,2300000
1804,semi-detached duplex,5,Ikoyi,17000000
1805,terraced duplex,4,Ikoyi,7000000
1806,semi-detached duplex,6,Lekki,5000000
1807,semi-detached duplex,4,Ikoyi,8500000
1808,detached duplex,5,(VI),20000000
1809,terraced duplex,4,Ikoyi,17000000
1810,terraced duplex,4,Ikoyi,11000000
1811,detached duplex,4,Lekki,2000000
1812,terraced duplex,4,Lekki,2500000
1813,detached duplex,4,Ajah,2800000
1814,for rent,Detached,(VI),25000000
1815,semi-detached duplex,4,Lekki,7000000
1816,terraced duplex,3,Ikoyi,12000000
1817,semi-detached duplex,4,Lekki,4000000
1818,semi-detached duplex,4,Ajah,1900000
1819,detached duplex,5,Lekki,7000000
1820,terraced duplex,3,Lekki,4000000
1821,semi-detached duplex,4,Lekki,5000000
1822,for rent,Detached,Lekki,6000000
1823,semi-detached duplex,4,Lekki,2500000
1824,semi-detached duplex,4,Lekki,4000000
1825,semi-detached duplex,4,Lekki,4000000
1826,terraced duplex,4,Lekki,3200000
1827,house for,4,Lekki,4000000
1828,terraced duplex,3,Lekki,2500000
1829,detached duplex,4,Lekki,4000000
1830,terraced duplex,3,Lekki,3500000
1831,semi-detached duplex,4,Lekki,6000000
1832,terraced duplex,4,(VI),7000000
1833,terraced duplex,4,(VI),7000000
1834,terraced duplex,4,Yaba,3500000
1835,detached duplex,4,Lekki,4500000
1836,detached duplex,5,Lekki,8500000
1837,detached duplex,4,Lekki,3700000
1838,detached duplex,5,Lekki,15000000
1839,terraced duplex,4,Lekki,6000000
1840,detached duplex,5,Ikoyi,11000000
1841,detached duplex,5,Lekki,4500000
1842,for rent,Detached,(VI),25000000
1843,terraced duplex,4,(VI),8000000
1844,detached duplex,5,Lekki,4000000
1845,terraced duplex,4,Ikoyi,13000000
1846,semi-detached duplex,4,Lekki,5000000
1847,terraced duplex,4,Lekki,3000000
1848,terraced duplex,3,Lekki,1500000
1849,detached duplex,15,Lekki,6000000
1850,semi-detached duplex,5,Ajah,4500000
1851,semi-detached duplex,4,Lekki,5000000
1852,for rent,Detached,(VI),12000000
1853,detached duplex,5,Lekki,8000000
1854,terraced duplex,4,Lekki,3000000
1855,terraced duplex,5,Ikoyi,11000000
1856,detached duplex,6,Lekki,4000000
1857,terraced duplex,4,Ikoyi,12000000
1858,terraced duplex,4,Ikoyi,6000000
1859,terraced duplex,4,Ikoyi,17500000
1860,detached duplex,4,Ajah,2500000
1861,terraced duplex,4,Ikoyi,6000000
1862,terraced duplex,4,(VI),5000000
1863,detached duplex,4,Lekki,6500000
1864,semi-detached duplex,4,Lekki,150000000
1865,terraced duplex,2,Ajah,1300000
1866,terraced duplex,3,Lekki,5500000
1867,house for,4,Lekki,7000000
1868,semi-detached duplex,3,Lekki,6000000
1869,terraced duplex,3,Lekki,1500000
1870,detached duplex,7,(VI),10000000
1871,terraced duplex,4,Ikoyi,6500000
1872,terraced duplex,2,(VI),4300000
1873,terraced duplex,4,(VI),5700000
1874,detached duplex,5,Lekki,14000000
1875,terraced duplex,3,Lekki,2500000
1876,terraced duplex,4,Ikoyi,6000000
1877,detached duplex,5,Lekki,7000000
1878,detached duplex,4,Lekki,3500000
1879,semi-detached duplex,4,Lekki,3500000
1880,detached duplex,9,(VI),12000000
1881,terraced duplex,4,Lekki,6000000
1882,detached duplex,6,Ikoyi,20000000
1883,detached duplex,6,Lekki,6500000
1884,terraced duplex,2,(VI),8000000
1885,for rent,Detached,Surulere,7000000
1886,semi-detached duplex,3,Lekki,4000000
1887,terraced duplex,4,Ikoyi,10000000
1888,terraced duplex,3,Ikoyi,16000000
1889,semi-detached duplex,4,Lekki,4000000
1890,semi-detached duplex,6,Lekki,5000000
1891,semi-detached duplex,5,Lekki,6000000
1892,detached duplex,4,Lekki,7000000
1893,terraced duplex,4,Lekki,3000000
1894,detached duplex,4,Lekki,5500000
1895,semi-detached duplex,4,Ikeja,5500000
1896,semi-detached duplex,5,Lekki,8000000
1897,terraced duplex,3,Ikoyi,13500000
1898,detached duplex,5,Lekki,6000000
1899,semi-detached bungalow,3,Ikeja,1800000
1900,terraced duplex,5,Lekki,5000000
1901,semi-detached duplex,4,Lekki,6000000
1902,terraced duplex,4,(VI),6000000
1903,semi-detached bungalow,4,Lekki,4000000
1904,detached duplex,4,Lekki,3000000
1905,house for,3,Maryland,3500000
1906,semi-detached duplex,4,Lekki,3500000
1907,terraced duplex,3,Lekki,3500000
1908,terraced duplex,3,Lekki,2500000
1909,semi-detached duplex,5,(VI),14000000
1910,terraced duplex,4,Agege,2000000
1911,house for,4,Lekki,4000000
1912,terraced duplex,5,(VI),6500000
1913,house for,5,Ajah,2000000
1914,terraced duplex,4,Lekki,3200000
1915,house for,3,Ikoyi,15000000
1916,detached duplex,5,Lekki,3500000
1917,semi-detached duplex,4,Lekki,6000000
1918,detached bungalow,4,Lekki,1500000
1919,house for,4,Lekki,2500000
1920,rent,House,Ketu,5000000
1921,terraced duplex,4,Ikoyi,28000000
1922,detached duplex,5,Lekki,4500000
1923,semi-detached duplex,3,Lekki,3000000
1924,house for,3,Ikoyi,18000000
1925,house for,2,(VI),4000000
1926,semi-detached bungalow,2,Ajah,650000
1927,semi-detached duplex,5,Lekki,6000000
1928,terraced duplex,4,(VI),5500000
1929,terraced duplex,4,Lekki,3600000
1930,semi-detached duplex,8,Ikoyi,40000000
1931,semi-detached duplex,5,Ikoyi,20000000
1932,semi-detached duplex,6,Lekki,5000000
1933,terraced duplex,4,Ikoyi,29000000
1934,detached duplex,5,Ikeja,15000000
1935,house for,4,Lekki,4000000
1936,semi-detached duplex,4,Ikoyi,12000000
1937,semi-detached duplex,4,Ikeja,4000000
1938,terraced duplex,4,Ikoyi,15000000
1939,terraced duplex,3,Lekki,3000000
1940,terraced duplex,3,Ikoyi,10000000
1941,semi-detached duplex,4,Ikorodu,400000
1942,terraced duplex,5,Ikoyi,12000000
1943,semi-detached duplex,5,Lekki,6000000
1944,terraced duplex,4,Ikoyi,13000000
1945,terraced duplex,4,Ikoyi,10000000
1946,terraced duplex,4,Ikoyi,10000000
1947,terraced duplex,4,Ikoyi,10000000
1948,terraced duplex,4,Lekki,3500000
1949,terraced duplex,4,(VI),6000000
1950,terraced duplex,3,Lekki,2500000
1951,terraced duplex,4,Lekki,6000000
1952,terraced duplex,4,Lekki,3000000
1953,house for,4,Lekki,4000000
1954,terraced duplex,4,Lekki,3300000
1955,semi-detached duplex,4,Lekki,3500000
1956,detached duplex,5,Lekki,4000000
1957,terraced duplex,4,Ikoyi,17000000
1958,semi-detached duplex,4,Lekki,3500000
1959,semi-detached duplex,6,Ikoyi,25000000
1960,detached duplex,5,Lekki,3500000
1961,detached duplex,5,Lekki,2500000
1962,terraced duplex,4,Agege,1400000
1963,semi-detached duplex,4,Lekki,3500000
1964,detached duplex,4,Lekki,4500000
1965,semi-detached duplex,4,Lekki,3500000
1966,detached duplex,5,Ajah,4000000
1967,house for,3,Ajah,800000
1968,detached duplex,5,Lekki,7500000
1969,semi-detached duplex,4,Lekki,6000000
1970,semi-detached duplex,4,Lekki,3500000
1971,semi-detached duplex,4,Lekki,3500000
1972,terraced duplex,4,Lekki,3200000
1973,detached duplex,5,Lekki,4200000
1974,house for,4,Lekki,4000000
1975,flats for,Block,(VI),40000000
1976,detached bungalow,2,Lekki,1500000
1977,detached duplex,5,Lekki,4200000
1978,detached duplex,5,Lekki,4200000
1979,detached duplex,5,Lekki,4200000
1980,semi-detached duplex,5,Lekki,6000000
1981,semi-detached duplex,5,Lekki,6500000
1982,house for,4,Lekki,4500000
1983,semi-detached duplex,4,Lekki,2700000
1984,terraced duplex,5,(VI),10000000
1985,house for,2,Gbagada,750000
1986,terraced bungalow,3,Lekki,1500000
1987,terraced bungalow,3,Lekki,2000000
1988,semi-detached duplex,4,Magodo,2200000
1989,detached duplex,4,Lekki,4000000
1990,terraced duplex,4,Lekki,3500000
1991,house for,3,Alimosho,650000
1992,semi-detached bungalow,2,Ajah,1000000
1993,house for,2,Lekki,1500000
1994,semi-detached bungalow,4,Lekki,3500000
1995,terraced duplex,3,Lekki,1500000
1996,semi-detached duplex,3,Ajah,1800000
1997,detached duplex,4,Lekki,3500000
1998,house for,3,Ikoyi,12000000
1999,semi-detached duplex,4,Ikoyi,16000000
2000,terraced duplex,4,Ikoyi,10000000
2001,detached duplex,4,Lekki,3800000
2002,rent,House,(VI),3000000
2003,terraced duplex,4,Isolo,1500000
2004,detached duplex,3,Lekki,3000000
2005,house for,4,Lekki,3300000
2006,semi-detached duplex,5,Ikoyi,6500000
2007,for rent,Semi-detached,Lekki,5000000
2008,terraced duplex,3,Lekki,4000000
2009,semi-detached duplex,4,Lekki,3500000
2010,semi-detached duplex,4,Lekki,3500000
2011,detached duplex,4,Lekki,3800000
2012,terraced duplex,4,(VI),4000000
2013,detached duplex,5,Lekki,4000000
2014,semi-detached duplex,4,Lekki,3500000
2015,terraced duplex,4,Lekki,3500000
2016,semi-detached duplex,6,Lekki,5000000
2017,house for,3,Lekki,1000000
2018,terraced duplex,4,Lekki,3000000
2019,terraced duplex,4,Lekki,3000000
2020,house for,2,Ajah,500000
2021,house for,4,Lekki,4000000
2022,detached duplex,5,Lekki,5000000
2023,semi-detached duplex,4,Lekki,3500000
2024,for rent,Semi-detached,Lekki,3500000
2025,semi-detached duplex,4,Lekki,3500000
2026,detached duplex,4,Lekki,2200000
2027,detached duplex,4,Lekki,1700000
2028,detached duplex,5,Ikeja,6000000
2029,terraced duplex,5,Lekki,3000000
2030,detached duplex,4,Lekki,4000000
2031,detached duplex,4,Lekki,2500000
2032,detached bungalow,3,Lekki,4000000
2033,detached duplex,6,Lekki,7000000
2034,terraced duplex,3,Lekki,2500000
2035,semi-detached duplex,4,Lekki,3500000
2036,house for,4,Ajah,1700000
2037,semi-detached duplex,6,Lekki,5000000
2038,detached duplex,4,Lekki,5000000
2039,semi-detached duplex,4,Lekki,3500000
2040,detached duplex,5,Lekki,3500000
2041,semi-detached duplex,4,Lekki,2500000
2042,semi-detached duplex,3,Lekki,2500000
2043,semi-detached duplex,4,Lekki,3500000
2044,terraced duplex,4,(VI),7000000
2045,terraced duplex,4,(VI),4500000
2046,semi-detached duplex,4,Lekki,3500000
2047,terraced duplex,4,Lekki,3000000
2048,semi-detached duplex,6,Surulere,4000000
2049,terraced duplex,4,Lekki,3000000
2050,detached duplex,5,Lekki,4000000
2051,semi-detached duplex,6,Lekki,3000000
2052,semi-detached duplex,4,Lekki,4000000
2053,house for,4,Lekki,3200000
2054,terraced duplex,4,Lekki,3000000
2055,semi-detached duplex,4,(VI),4500000
2056,terraced duplex,4,Lekki,3000000
2057,semi-detached duplex,4,Lekki,4000000
