Location,Type,Rooms,Price
Lekki,semi-detached duplex,6,5000000
Lekki,terraced duplex,3,2500000
Gbagada,terraced duplex,4,4000000
Lekki,detached duplex,4,4600000
Lekki,detached duplex,4,3000000
Lekki,detached duplex,5,4000000
VI,terraced duplex,4,4500000
Lekki,semi-detached duplex,4,5500000
Ajah,terraced duplex,4,1500000
Lekki,detached duplex,5,4500000
Ikoyi,terraced duplex,4,4000000
VI,terraced duplex,4,4000000
Ojodu,semi-detached duplex,4,700000
Lekki,flat apartment,3,2200000
Magodo,detached duplex,5,5500000
Lekki,terraced duplex,4,4000000
VI,semi-detached duplex,4,4500000
VI,terraced duplex,4,7000000
Lekki,semi-detached duplex,4,3500000
VI,semi-detached duplex,4,7000000
Ikoyi,terraced duplex,4,4000000
Lekki,terraced duplex,3,1500000
Lekki,semi-detached duplex,4,3500000
Lekki,semi-detached duplex,4,3500000
VI,flat apartment,4,5000000
Lekki,flat apartment,3,2800000
Lekki,terraced duplex,2,1500000
Lekki,terraced duplex,4,2800000
Maryland,terraced duplex,4,3000000
Lekki,semi-detached duplex,4,4000000
Lekki,detached duplex,4,4500000
Lekki,detached duplex,5,3500000
Ikoyi,terraced duplex,4,8500000
Ikoyi,semi-detached duplex,4,6500000
Lekki,terraced duplex,4,2700000
Lekki,detached duplex,5,5250000
Lekki,detached duplex,5,4200000
Ikoyi,terraced duplex,4,8500000
Lekki,detached duplex,4,3500000
VI,semi-detached duplex,6,15000000
Lekki,detached duplex,5,4000000
Lekki,detached duplex,4,3800000
Lekki,flat apartment,4,4000000
Lekki,terraced duplex,4,3500000
Lekki,terraced duplex,4,3000000
Lekki,terraced duplex,3,3000000
Ikeja,detached bungalow,3,8000000
Ikeja,terraced duplex,5,5000000
Lekki,detached duplex,4,6000000
Lekki,detached duplex,5,4000000
Lekki,semi-detached duplex,4,3500000
Ajah,detached duplex,5,4000000
Lekki,flat apartment,3,4000000
Island,semi-detached duplex,4,4000000
VI,flat apartment,3,4000000
Lekki,detached duplex,5,4000000
Lekki,detached duplex,5,4000000
Lekki,semi-detached duplex,4,3500000
Lekki,semi-detached duplex,4,3500000
Lekki,detached duplex,4,4000000
VI,terraced duplex,4,4700000
North,terraced duplex,3,1300000
Lekki,semi-detached duplex,4,3500000
Lekki,terraced duplex,3,1500000
Lekki,detached duplex,5,4000000
Lekki,terraced duplex,4,3000000
Magodo,terraced duplex,4,2800000
Ikeja,flat apartment,3,1700000
Lekki,detached duplex,7,3500000
Lekki,terraced duplex,4,3500000
Lekki,detached duplex,5,4000000
VI,flat apartment,3,5000000
VI,detached duplex,5,8500000
Maryland,detached duplex,4,8500000
VI,terraced duplex,4,6000000
VI,flat apartment,3,4500000
Lekki,terraced duplex,2,2500000
Ikoyi,terraced duplex,3,8500000
Lekki,detached bungalow,4,3000000
Ikoyi,semi-detached duplex,3,9000000
VI,flat apartment,3,4000000
Lekki,flat apartment,3,2200000
Lekki,semi-detached duplex,4,2500000
Ikoyi,terraced duplex,4,8000000
Lekki,terraced duplex,3,1500000
Lekki,semi-detached duplex,3,2500000
VI,semi-detached duplex,4,3500000
Ikoyi,semi-detached duplex,4,7000000
VI,semi-detached duplex,5,8500000
Lekki,flat apartment,3,1600000
Lekki,semi-detached duplex,4,3500000
Lekki,detached duplex,5,4500000
Lekki,terraced duplex,4,3000000
Ikoyi,semi-detached duplex,3,12000000
Lekki,detached duplex,3,2500000
Ikeja,terraced duplex,3,3500000
VI,terraced duplex,4,4000000
VI,semi-detached duplex,4,6000000
Lekki,semi-detached duplex,4,3500000
VI,flat apartment,3,4000000
VI,terraced duplex,4,5000000
VI,terraced duplex,4,4000000
Lekki,detached duplex,4,5000000
Lekki,terraced duplex,3,4000000
Lekki,terraced duplex,3,2000000
Lekki,flat apartment,4,4000000
Lekki,detached duplex,5,5000000
Lekki,terraced duplex,4,3000000
Lekki,terraced duplex,4,3000000
VI,terraced duplex,4,4500000
Lekki,detached duplex,5,4000000
Lekki,detached duplex,4,3700000
Lekki,detached duplex,5,4200000
Ikorodu,detached bungalow,2,150000
Lekki,terraced duplex,5,3000000
Lekki,detached duplex,5,4200000
Lekki,flat apartment,4,4500000
Lekki,semi-detached duplex,4,4500000
Lekki,semi-detached duplex,4,2000000
Lekki,detached duplex,5,4500000
Lekki,terraced duplex,4,3000000
Lekki,semi-detached duplex,4,2500000
Lekki,semi-detached duplex,4,3500000
Lekki,semi-detached duplex,4,3500000
Lekki,semi-detached duplex,4,4000000
Lekki,terraced duplex,4,3000000
Lekki,terraced duplex,3,1500000
Lekki,detached duplex,4,3800000
Lekki,semi-detached duplex,4,3000000
Lekki,terraced duplex,3,2700000
Lekki,flat apartment,4,3500000
Lekki,detached duplex,4,2000000
Lekki,detached duplex,5,9000000
Lekki,detached duplex,4,3800000
Lekki,detached duplex,5,4500000
Ikorodu,semi-detached bungalow,3,450000
Ikorodu,detached bungalow,3,1000000
Ikorodu,semi-detached bungalow,3,700000
Lekki,semi-detached duplex,4,2300000
Lekki,semi-detached duplex,5,10000000
Lekki,detached duplex,4,3000000
Lekki,terraced duplex,3,2500000
Lekki,terraced duplex,3,2500000
Lekki,semi-detached duplex,4,3000000
Lekki,semi-detached duplex,4,3800000
Lekki,terraced duplex,4,4500000
Lekki,detached duplex,4,3800000
Lekki,semi-detached duplex,6,5000000
Lekki,semi-detached duplex,4,3500000
Lekki,terraced duplex,4,2800000
Lekki,detached duplex,5,3500000
Lekki,semi-detached duplex,4,4000000
Ikoyi,terraced duplex,4,15000000
Lekki,terraced duplex,4,6000000
Lekki,detached duplex,3,3500000
Lekki,detached duplex,5,8500000
Lekki,detached duplex,4,3800000
Lekki,detached duplex,4,2500000
Lekki,detached duplex,4,5000000
Lekki,semi-detached duplex,3,45000000
Lekki,detached duplex,4,3700000
VI,detached duplex,4,4500000
Lekki,terraced duplex,5,3000000
Lekki,detached duplex,4,3800000
Lekki,detached duplex,5,4500000
Lekki,detached duplex,4,4000000
Lekki,detached duplex,5,4500000
Lekki,detached duplex,5,4500000
Lekki,semi-detached duplex,6,5000000
Ajah,flat apartment,2,1100000
Lekki,terraced duplex,4,2500000
Ikoyi,terraced duplex,4,10000000
Lekki,flat apartment,3,2000000
Lekki,semi-detached duplex,4,3700000
Lekki,detached duplex,5,8000000
Lekki,detached duplex,4,4000000
Ikoyi,detached bungalow,2,3500000
Lekki,semi-detached duplex,4,3700000
Lekki,semi-detached duplex,5,10000000
Lekki,semi-detached duplex,5,10000000
Ajah,detached duplex,4,2000000
Lekki,semi-detached duplex,4,5500000
Lekki,flat apartment,3,2700000
Lekki,detached duplex,4,4000000
Lekki,terraced duplex,3,1600000
Ikeja,flat apartment,4,1500000
Lekki,detached duplex,4,3700000
Lekki,detached duplex,5,3000000
Lekki,semi-detached duplex,6,5000000
Ikoyi,terraced duplex,4,10000000
Ikoyi,semi-detached duplex,4,11000000
Lekki,detached duplex,5,8000000
Lekki,semi-detached duplex,4,3500000
Lekki,semi-detached duplex,4,3500000
Ajah,terraced duplex,4,1800000
Lekki,semi-detached duplex,4,3500000
Lekki,detached duplex,5,8000000
VI,semi-detached bungalow,2,2500000
Ajah,detached duplex,3,1000000
Ajah,detached duplex,3,1000000
Ajah,terraced duplex,4,2200000
Ajah,terraced duplex,4,2000000
Lekki,semi-detached duplex,4,4000000
Lekki,terraced duplex,4,3500000
Lekki,flat apartment,4,3500000
Lekki,terraced duplex,4,3500000
Lekki,semi-detached duplex,4,3500000
Lekki,terraced duplex,4,3000000
Lekki,terraced duplex,3,1500000
Ikoyi,terraced duplex,4,6000000
Ikoyi,terraced duplex,4,5000000
VI,semi-detached bungalow,5,8500000
Ikoyi,terraced duplex,4,7500000
Ikoyi,detached duplex,5,9500000
Lekki,terraced duplex,4,3200000
Lekki,terraced duplex,3,2200000
Lekki,terraced duplex,3,2500000
Lekki,detached duplex,5,9000000
Lekki,terraced duplex,4,45000000
Lekki,terraced duplex,4,3000000
Ajah,detached duplex,4,1800000
Lekki,detached duplex,4,3800000
Lekki,terraced duplex,4,3000000
Lekki,semi-detached duplex,4,3500000
Lekki,terraced duplex,4,3500000
Lekki,flat apartment,4,3000000
Ajah,detached duplex,3,1000000
Lekki,terraced duplex,4,2500000
Lekki,flat apartment,4,4000000
Ajah,semi-detached bungalow,2,900000
Ajah,semi-detached bungalow,2,1000000
VI,terraced duplex,3,4000000
Lekki,detached duplex,4,3700000
Gbagada,flat apartment,3,1500000
Ikoyi,terraced duplex,4,13000000
Ikoyi,terraced duplex,4,14000000
Lekki,terraced duplex,4,3000000
Lekki,terraced duplex,4,5000000
Lekki,semi-detached duplex,4,3000000
Lekki,semi-detached duplex,4,3000000
Lekki,terraced duplex,4,2800000
Ikoyi,semi-detached duplex,3,10000000
Lekki,semi-detached duplex,4,3500000
Lekki,detached duplex,5,3500000
Lekki,terraced duplex,3,4000000
VI,terraced duplex,4,5000000
Ikoyi,terraced duplex,4,10000000
Lekki,terraced duplex,4,45000000
Ajah,detached duplex,4,4500000
Lekki,flat apartment,4,4000000
North,semi-detached duplex,3,1300000
Lekki,semi-detached duplex,3,4000000
Ikoyi,terraced duplex,4,9000000
Ikoyi,terraced duplex,4,9000000
Lekki,terraced duplex,4,4000000
Lekki,semi-detached duplex,4,3500000
Lekki,detached duplex,4,3500000
Lekki,semi-detached duplex,4,2000000
VI,flat apartment,3,4500000
Lekki,terraced duplex,3,2500000
Ikeja,terraced duplex,4,3000000
Ajah,semi-detached duplex,4,2000000
Lekki,block of,3,4500000
Ikoyi,terraced duplex,4,12000000
Lekki,detached duplex,4,4200000
Lekki,detached duplex,5,5000000
VI,semi-detached duplex,5,10000000
Lekki,semi-detached duplex,4,2300000
Lekki,semi-detached duplex,4,1500000
Lekki,semi-detached duplex,4,3500000
Lekki,flat apartment,4,4000000
Lekki,terraced duplex,4,3000000
Lekki,terraced duplex,3,2500000
Lekki,semi-detached duplex,4,3500000
Lekki,semi-detached duplex,4,4000000
Lekki,semi-detached duplex,5,6000000
Lekki,terraced duplex,3,4000000
Lekki,semi-detached duplex,5,6000000
Lekki,semi-detached duplex,6,5200000
Lekki,terraced duplex,3,3000000
VI,flat apartment,3,12000000
Lekki,semi-detached duplex,4,5000000
Lekki,terraced duplex,3,2500000
Lekki,terraced duplex,4,2500000
Lekki,semi-detached duplex,4,3500000
Lekki,semi-detached duplex,5,3500000
VI,terraced duplex,4,4500000
Ajah,semi-detached duplex,4,2000000
VI,terraced duplex,4,5000000
VI,flat apartment,3,6000000
VI,terraced duplex,3,3500000
Lekki,terraced duplex,3,1500000
Lekki,semi-detached duplex,3,1300000
Ikoyi,semi-detached duplex,5,25000000
Lekki,detached duplex,5,4000000
Ikeja,terraced duplex,4,6000000
Lekki,flat apartment,4,3000000
Lekki,detached bungalow,2,2300000
Lekki,detached duplex,5,5000000
Ikoyi,flat apartment,4,7000000
Ikoyi,terraced duplex,5,12000000
Gbagada,flat apartment,5,2500000
Ikoyi,terraced duplex,3,9000000
Lekki,terraced duplex,4,3200000
Lekki,terraced duplex,4,3500000
Lekki,semi-detached duplex,4,3500000
Lekki,terraced duplex,4,3000000
Ajah,semi-detached bungalow,3,1000000
Ajah,semi-detached bungalow,2,1000000
Ajah,semi-detached bungalow,2,750000
Lekki,semi-detached duplex,4,3500000
Lekki,semi-detached duplex,4,3500000
Lekki,terraced duplex,3,1500000
Ikoyi,terraced duplex,3,10000000
Ajah,semi-detached bungalow,3,750000
Ajah,semi-detached bungalow,3,1000000
Ajah,detached bungalow,2,700000
Lekki,semi-detached duplex,4,3500000
Ajah,flat apartment,2,650000
Lekki,semi-detached duplex,4,4500000
Maryland,detached duplex,7,10000000
Ajah,flat apartment,1,200000
Lekki,semi-detached duplex,4,4000000
Ajah,detached duplex,4,4000000
Ajah,semi-detached duplex,4,3000000
Lekki,detached duplex,4,4500000
Ikoyi,detached duplex,4,10000000
Lekki,detached duplex,4,4000000
Lekki,terraced duplex,4,3000000
Ikoyi,terraced duplex,3,15000000
Lekki,semi-detached duplex,4,3500000
Lekki,flat apartment,5,4500000
Lekki,flat apartment,5,3000000
Lekki,semi-detached duplex,6,5000000
Lekki,flat apartment,5,4000000
Lekki,semi-detached duplex,4,3500000
Lekki,terraced duplex,4,3000000
Lekki,semi-detached bungalow,4,3500000
Ikoyi,terraced duplex,3,16000000
Lekki,semi-detached bungalow,4,3500000
Ajah,detached duplex,4,2500000
VI,terraced duplex,4,4000000
Ajah,semi-detached duplex,3,1200000
VI,terraced duplex,4,20000000
Ajah,terraced duplex,4,2000000
Lekki,semi-detached duplex,4,3000000
Lekki,semi-detached duplex,4,3000000
Lekki,flat apartment,5,6500000
Magodo,detached duplex,5,6000000
Lekki,detached duplex,4,3800000
Lekki,flat apartment,3,3000000
Lekki,semi-detached duplex,4,40000000
Lekki,detached duplex,5,5000000
Lekki,flat apartment,4,2800000
Lekki,flat apartment,4,4000000
Lekki,semi-detached duplex,4,3500000
Lekki,flat apartment,3,3500000
Lekki,flat apartment,3,3000000
Yaba,flat apartment,1,150000
Ikoyi,terraced duplex,3,15000000
Lekki,terraced duplex,4,3000000
Lekki,terraced duplex,4,4500000
Lekki,semi-detached bungalow,4,3500000
Lekki,detached duplex,5,4500000
Lekki,detached duplex,4,4500000
Lekki,detached duplex,4,3800000
Ajah,detached duplex,4,4000000
VI,terraced duplex,3,4000000
Lekki,detached duplex,5,4500000
Lekki,terraced duplex,4,3000000
Lekki,semi-detached duplex,4,1700000
Lekki,semi-detached duplex,4,4000000
Ilupeju,semi-detached duplex,4,6000000
Lekki,detached duplex,5,4500000
Ajah,detached duplex,5,1500000
Lekki,flat apartment,4,4000000
Lekki,terraced duplex,4,3500000
Ipaja,detached duplex,4,800000
VI,terraced duplex,5,5000000
Lekki,semi-detached duplex,4,4500000
Lekki,detached duplex,4,3500000
Lekki,detached duplex,4,3800000
Lekki,flat apartment,2,1600000
Lekki,detached duplex,5,6500000
Lekki,terraced duplex,3,2500000
Lekki,terraced duplex,4,4500000
Lekki,terraced duplex,3,2500000
Lekki,semi-detached duplex,4,4500000
Lekki,terraced duplex,4,5000000
Lekki,terraced duplex,3,3500000
Lekki,semi-detached duplex,4,3500000
Lekki,detached duplex,5,4500000
VI,flat apartment,4,4500000
Lekki,terraced duplex,4,3000000
Lekki,detached duplex,5,4000000
VI,terraced duplex,4,4500000
Lekki,terraced duplex,3,1500000
Lekki,detached duplex,3,3000000
Lekki,detached duplex,5,4500000
Lekki,detached duplex,5,12000000
VI,flat apartment,5,9000000
Lekki,detached duplex,4,4000000
Lekki,semi-detached duplex,4,3000000
Ikeja,detached duplex,5,5000000
Ikeja,terraced duplex,5,8000000
Ikeja,semi-detached duplex,4,7000000
Ajah,detached bungalow,4,1400000
Lekki,detached duplex,4,4000000
Lekki,flat apartment,3,700000
Lekki,detached duplex,4,3500000
Lekki,flat apartment,3,1800000
Lekki,semi-detached duplex,4,4000000
Ikeja,semi-detached duplex,4,3000000
Lekki,semi-detached duplex,3,2500000
Lekki,terraced duplex,4,6000000
Lekki,terraced duplex,4,3500000
VI,flat apartment,2,3500000
Lekki,flat apartment,4,4000000
VI,terraced duplex,4,7000000
VI,flat apartment,3,7000000
Lekki,terraced duplex,4,3000000
VI,detached duplex,9,11000000
Yaba,flat apartment,1,650000
Ajah,detached duplex,4,2500000
Ajah,terraced duplex,2,1500000
Ikoyi,flat apartment,3,11000000
Magodo,flat apartment,2,2000000
Magodo,detached duplex,2,1800000
Island,detached duplex,5,4500000
Lekki,semi-detached duplex,4,3500000
Lekki,semi-detached duplex,4,3500000
Ikoyi,semi-detached duplex,4,8000000
North,detached duplex,4,1800000
Alimosho,detached duplex,3,1500000
Yaba,flat apartment,1,600000
Lekki,semi-detached duplex,4,3200000
Yaba,flat apartment,3,3500000
Lekki,flat apartment,4,4000000
Lekki,flat apartment,2,2200000
Lekki,semi-detached duplex,4,6000000
Lekki,terraced duplex,3,3500000
Lekki,terraced duplex,4,50000000
Ikoyi,semi-detached bungalow,4,9000000
Lekki,semi-detached duplex,4,3500000
Lekki,semi-detached duplex,4,3500000
Lekki,terraced duplex,4,3000000
Lekki,semi-detached duplex,4,3500000
Lekki,terraced duplex,4,4500000
Lekki,terraced duplex,4,3000000
Lekki,terraced duplex,4,3000000
Lekki,semi-detached duplex,4,3700000
Lekki,terraced duplex,3,2500000
Lekki,semi-detached duplex,4,3500000
Lekki,terraced duplex,3,3500000
Lekki,detached duplex,5,4200000
VI,semi-detached duplex,5,8500000
Lekki,semi-detached duplex,4,7000000
Lekki,semi-detached duplex,4,48000000
Lekki,terraced duplex,3,1500000
Lekki,terraced duplex,4,3000000
Lekki,semi-detached duplex,4,3500000
Lekki,detached duplex,5,3800000
Lekki,semi-detached duplex,4,4200000
Lekki,detached duplex,5,3000000
Lekki,detached duplex,5,3500000
Lekki,semi-detached duplex,4,3500000
VI,detached duplex,3,7500000
Ikeja,flat apartment,5,4500000
Lekki,terraced duplex,3,2500000
Lekki,semi-detached duplex,4,4000000
Ikeja,semi-detached duplex,4,3000000
Lekki,terraced duplex,3,5000000
Lekki,terraced duplex,4,3300000
Ikoyi,semi-detached duplex,4,10000000
Lekki,terraced duplex,3,2500000
Lekki,semi-detached duplex,4,4000000
Ikoyi,semi-detached duplex,4,5000000
Lekki,semi-detached duplex,4,3500000
Lekki,semi-detached duplex,6,5000000
Lekki,semi-detached duplex,4,3500000
Lekki,detached duplex,5,4000000
Lekki,detached duplex,4,3500000
VI,semi-detached duplex,5,8500000
Lekki,semi-detached duplex,4,3500000
Lekki,terraced duplex,4,3000000
VI,flat apartment,3,4000000
VI,semi-detached duplex,5,8500000
Lekki,detached duplex,5,6000000
Lekki,flat apartment,4,3500000
Ikeja,detached duplex,5,5000000
Ikeja,detached duplex,5,5000000
Lekki,semi-detached duplex,4,2500000
Lekki,semi-detached duplex,3,3000000
VI,detached duplex,4,10000000
Ikoyi,semi-detached duplex,5,17000000
VI,terraced duplex,4,4000000
Ajah,semi-detached bungalow,3,1300000
Magodo,detached duplex,5,5500000
Lekki,terraced duplex,5,3200000
Lekki,flat apartment,4,4000000
Lekki,semi-detached duplex,3,2500000
Lekki,terraced duplex,4,3000000
Lekki,terraced duplex,4,3500000
Isheri,detached duplex,4,1000000
Lekki,terraced duplex,4,3500000
VI,terraced duplex,4,5000000
Lekki,semi-detached duplex,4,3500000
Ikoyi,semi-detached duplex,4,15000000
Magodo,flat apartment,3,1500000
Lekki,detached duplex,4,4000000
Ikorodu,detached duplex,5,2000000
Lekki,semi-detached duplex,4,3000000
Ikeja,semi-detached duplex,5,3000000
Ikeja,detached duplex,4,8000000
Ajah,detached duplex,4,2500000
Lekki,semi-detached duplex,4,3500000
Surulere,semi-detached duplex,3,3500000
Lekki,terraced duplex,4,3500000
Lekki,detached duplex,4,4500000
Lekki,flat apartment,1,700000
Lekki,flat apartment,4,4000000
Ikoyi,semi-detached duplex,4,12500000
Lekki,detached duplex,5,5000000
VI,flat apartment,3,3500000
Lekki,detached duplex,5,6000000
Ikoyi,flat apartment,3,3000000
Ikoyi,semi-detached bungalow,2,3500000
Lekki,semi-detached duplex,3,3200000
Lekki,semi-detached duplex,3,4000000
Lekki,terraced duplex,4,3000000
VI,terraced duplex,4,5000000
VI,terraced duplex,4,5000000
Lekki,detached duplex,4,3500000
Lekki,semi-detached duplex,4,7000000
Lekki,detached duplex,5,4500000
Lekki,semi-detached duplex,4,3500000
Lekki,terraced duplex,4,7000000
Ikoyi,terraced duplex,4,15000000
VI,flat apartment,3,3600000
Magodo,detached bungalow,4,2800000
Ajah,flat apartment,2,650000
Lekki,flat apartment,4,4000000
Lekki,detached duplex,5,8500000
Lekki,semi-detached duplex,3,4000000
Lekki,terraced duplex,4,4500000
Lekki,detached duplex,4,3300000
Ajah,detached duplex,4,4500000
Lekki,semi-detached duplex,4,3000000
Lekki,terraced duplex,3,2700000
Lekki,flat apartment,4,3000000
Lekki,detached duplex,4,300000000
Lekki,semi-detached duplex,3,4000000
VI,detached duplex,8,25000000
Ikeja,detached duplex,5,13000000
Lekki,terraced duplex,4,3000000
Lekki,detached duplex,4,3500000
Lekki,detached duplex,5,3500000
Lekki,detached duplex,5,4500000
Lekki,terraced duplex,4,3000000
Ikoyi,terraced duplex,4,6500000
VI,semi-detached duplex,5,8000000
Lekki,terraced duplex,3,5500000
Lekki,semi-detached duplex,6,5000000
Lekki,detached duplex,5,6000000
Lekki,semi-detached duplex,4,3000000
Ikoyi,semi-detached duplex,4,230000000
Lekki,semi-detached duplex,4,5000000
VI,detached duplex,6,7000000
Lekki,terraced duplex,4,4500000
Lekki,semi-detached duplex,4,3500000
Lekki,semi-detached duplex,4,3000000
Lekki,terraced duplex,4,3000000
Lekki,flat apartment,4,3200000
Ikoyi,semi-detached duplex,5,17000000
Lekki,terraced bungalow,2,2000000
Lekki,semi-detached duplex,4,3500000
Lekki,detached duplex,4,3500000
Lekki,semi-detached duplex,4,3500000
Ikeja,terraced duplex,4,6000000
Lekki,detached duplex,5,5000000
Lekki,terraced duplex,4,4500000
Ketu,terraced duplex,2,800000
Lekki,semi-detached duplex,6,5000000
Lekki,terraced duplex,4,6000000
VI,terraced duplex,4,7000000
Lekki,detached duplex,4,2200000
Ikoyi,terraced duplex,4,4000000
Lekki,semi-detached duplex,3,3000000
Lekki,terraced duplex,5,5500000
Ikoyi,semi-detached duplex,4,7000000
Ikoyi,detached duplex,4,7000000
Ajah,flat apartment,4,3500000
Lekki,terraced duplex,4,4500000
VI,semi-detached duplex,5,10000000
Lekki,semi-detached duplex,4,3000000
Magodo,detached duplex,5,5500000
Lekki,semi-detached duplex,4,3500000
Lekki,terraced duplex,4,2800000
VI,flat apartment,3,3000000
Lekki,terraced duplex,4,3000000
Ajah,terraced duplex,4,2800000
Lekki,detached duplex,5,4500000
Lekki,flat apartment,2,2000000
Lekki,flat apartment,4,4000000
Lekki,semi-detached duplex,4,3500000
Lekki,semi-detached duplex,4,3500000
Lekki,semi-detached duplex,4,3500000
Lekki,terraced duplex,5,3800000
Ikeja,terraced duplex,4,3500000
Lekki,terraced duplex,4,3000000
Lekki,detached duplex,4,4000000
Lekki,detached duplex,4,3500000
Ikoyi,terraced duplex,4,10000000
Ajah,semi-detached duplex,4,2700000
Lekki,terraced duplex,4,3000000
Ketu,semi-detached duplex,2,1000000
Lekki,detached duplex,5,7500000
Magodo,semi-detached duplex,4,3000000
Lekki,terraced duplex,4,4000000
Lekki,terraced duplex,4,2800000
Lekki,terraced duplex,4,2800000
Lekki,terraced duplex,4,3000000
Lekki,semi-detached duplex,4,3000000
VI,flat apartment,4,7500000
Lekki,flat apartment,4,4000000
Ajah,semi-detached bungalow,2,450000
Ajah,semi-detached duplex,4,2500000
Lekki,terraced duplex,4,3000000
Lekki,terraced duplex,4,3000000
Lekki,semi-detached duplex,4,4000000
Lekki,semi-detached duplex,4,4000000
Lekki,terraced duplex,4,2200000
Lekki,terraced duplex,4,2200000
Ikoyi,terraced duplex,4,14500000
Lekki,detached duplex,5,3500000
Lekki,detached duplex,5,6500000
Lekki,terraced duplex,4,3500000
Ikoyi,terraced duplex,4,10000000
VI,semi-detached duplex,6,20000000
Ajah,flat apartment,1,230000
Lekki,detached duplex,5,8000000
Lekki,detached duplex,5,4500000
Lekki,detached duplex,4,4000000
Lekki,detached duplex,5,4500000
Ikoyi,detached duplex,5,20000000
Lekki,semi-detached duplex,6,5000000
VI,terraced duplex,4,20000000
Lekki,terraced duplex,4,3000000
Ikoyi,semi-detached duplex,4,8000000
Lekki,semi-detached duplex,5,1700000
Lekki,terraced duplex,4,3000000
Ikorodu,flat apartment,1,180000
Ikorodu,flat apartment,1,270000
Lekki,detached duplex,5,5000000
Lekki,detached duplex,5,4500000
Lekki,detached duplex,4,4000000
Yaba,flat apartment,2,3000000
Lekki,detached duplex,4,4000000
Lekki,detached duplex,5,4500000
Ajah,terraced duplex,4,1800000
Lekki,semi-detached duplex,4,3500000
Ikoyi,semi-detached duplex,5,23000000
Lekki,detached duplex,5,3200000
Lekki,semi-detached duplex,4,3500000
Lekki,terraced duplex,4,3000000
Lekki,semi-detached duplex,4,3500000
Lekki,semi-detached duplex,6,5000000
Lekki,terraced duplex,5,6500000
Lekki,detached duplex,5,5000000
Ikeja,detached duplex,5,4500000
Apapa,detached duplex,4,5000000
Lekki,semi-detached duplex,4,3500000
Magodo,terraced duplex,3,3500000
Lekki,terraced duplex,4,4500000
Lekki,terraced duplex,4,3000000
Lekki,detached duplex,5,4500000
Ikoyi,flat apartment,4,15000000
Lekki,semi-detached duplex,4,3500000
Ajah,terraced duplex,4,2000000
Ikoyi,semi-detached duplex,5,22000000
Ikoyi,flat apartment,5,25000000
Ikoyi,flat apartment,3,16000000
Ikoyi,flat apartment,4,45000000
Ikoyi,flat apartment,4,18000000
Ikoyi,terraced duplex,5,16000000
Ikoyi,terraced duplex,3,12000000
Lekki,terraced duplex,3,1500000
Ikoyi,flat apartment,3,16000000
Ikoyi,flat apartment,3,16000000
Ikoyi,semi-detached duplex,5,17000000
Ikoyi,terraced duplex,3,14000000
Ikoyi,terraced duplex,3,8000000
Ikoyi,flat apartment,3,8000000
Lekki,detached duplex,5,15000000
Ikoyi,terraced duplex,4,17000000
Lekki,terraced duplex,4,3500000
Lekki,terraced duplex,4,3000000
Lekki,terraced duplex,3,2500000
Ikeja,detached duplex,5,2500000
Lekki,detached duplex,5,4500000
Ikorodu,flat apartment,1,200000
Lekki,terraced duplex,4,3000000
Magodo,detached duplex,5,5500000
Lekki,flat apartment,3,2500000
Ikeja,detached duplex,5,4000000
Lekki,detached duplex,4,4500000
Ikoyi,flat apartment,4,18000000
Lekki,flat apartment,4,4000000
Lekki,semi-detached duplex,4,65000000
Lekki,detached duplex,5,12000000
Lekki,terraced duplex,5,4500000
Lekki,terraced duplex,5,6000000
Lekki,terraced duplex,5,6000000
Lekki,terraced duplex,4,3000000
Lekki,flat apartment,1,170000
Lekki,semi-detached duplex,4,5000000
Lekki,detached duplex,3,2000000
VI,detached duplex,5,9000000
Lekki,detached duplex,4,2500000
Surulere,detached bungalow,5,4500000
Lekki,semi-detached duplex,4,3000000
Lekki,terraced duplex,4,2800000
Lekki,terraced duplex,4,3000000
Lekki,detached duplex,4,3800000
Lekki,detached duplex,5,4500000
Ikoyi,detached duplex,3,16000000
Ikoyi,semi-detached duplex,5,16000000
Lekki,terraced duplex,4,3000000
Lekki,terraced duplex,3,1500000
Ikoyi,terraced duplex,3,10000000
Lekki,terraced duplex,4,3500000
Ikoyi,semi-detached duplex,4,6500000
Lekki,detached duplex,5,6000000
Ikoyi,terraced duplex,4,17500000
Ikoyi,terraced duplex,3,15000000
Lekki,terraced duplex,4,3200000
Lekki,terraced duplex,4,3500000
Lekki,semi-detached duplex,4,6000000
Lekki,detached duplex,5,3200000
Lekki,terraced duplex,3,3500000
Lekki,flat apartment,4,4000000
Lekki,semi-detached duplex,4,3000000
Magodo,semi-detached duplex,4,3000000
Lekki,terraced duplex,4,2000000
Lekki,semi-detached duplex,4,3000000
VI,terraced duplex,5,6000000
Ikoyi,detached duplex,6,27000000
Ikoyi,terraced duplex,4,9500000
Lekki,terraced bungalow,4,3000000
Lekki,semi-detached duplex,6,5000000
Magodo,semi-detached duplex,4,1500000
Lekki,semi-detached duplex,4,3500000
Lekki,semi-detached duplex,4,3200000
Lekki,semi-detached duplex,4,2800000
Ajah,terraced duplex,4,1500000
Lekki,terraced duplex,3,3000000
Lekki,semi-detached duplex,4,3500000
Lekki,detached duplex,5,5000000
Lekki,semi-detached duplex,4,3500000
Lekki,semi-detached duplex,4,3500000
Surulere,detached duplex,4,150000000
Maryland,detached duplex,6,13000000
Lekki,detached duplex,5,4500000
Lekki,detached duplex,5,3500000
Lekki,detached duplex,5,3800000
Lekki,flat apartment,3,1900000
Lekki,terraced duplex,5,3500000
Lekki,terraced duplex,4,3000000
Lekki,terraced duplex,4,6000000
Lekki,flat apartment,2,2000000
Lekki,terraced duplex,3,1500000
Lekki,terraced duplex,4,2500000
Ajah,semi-detached bungalow,3,1000000
Ikeja,semi-detached duplex,4,3500000
Lekki,terraced duplex,4,3200000
Ikeja,semi-detached duplex,4,4000000
Lekki,terraced duplex,4,3000000
Lekki,semi-detached duplex,4,3500000
Lekki,terraced duplex,4,6000000
Lekki,terraced duplex,4,6000000
Ajah,flat apartment,1,250000
Ajah,flat apartment,1,800000
Lekki,semi-detached duplex,4,3000000
Ajah,detached duplex,4,3000000
Lekki,terraced duplex,5,6000000
VI,terraced duplex,4,6000000
Ikoyi,detached duplex,6,12000000
Lekki,semi-detached duplex,4,3500000
Lekki,detached duplex,4,4500000
Lekki,semi-detached duplex,4,3000000
Lekki,detached duplex,4,3800000
Lekki,flat apartment,4,4000000
Lekki,semi-detached duplex,4,4000000
Lekki,semi-detached duplex,4,3300000
Lekki,terraced duplex,3,2500000
Lekki,detached duplex,4,4000000
Lekki,semi-detached duplex,4,3500000
Lekki,detached duplex,5,5250000
Lekki,flat apartment,2,2600000
VI,detached duplex,5,12000000
Ikoyi,detached duplex,5,10000000
Lekki,flat apartment,4,3500000
Ikoyi,terraced duplex,4,12000000
Lekki,detached duplex,5,5250000
Surulere,detached duplex,5,3500000
Lekki,detached duplex,5,4000000
Ajah,semi-detached duplex,4,1800000
Lekki,detached duplex,5,3500000
Lekki,semi-detached duplex,4,3500000
Lekki,semi-detached duplex,4,3500000
Lekki,terraced duplex,4,2700000
Lekki,detached duplex,5,3000000
Lekki,flat apartment,4,4000000
Lekki,terraced duplex,4,3300000
Ajah,terraced duplex,4,1800000
Lekki,detached duplex,5,3500000
Lekki,detached duplex,5,4500000
Ikoyi,semi-detached duplex,4,7000000
Lekki,terraced duplex,3,2500000
Lekki,detached duplex,4,4000000
Lekki,detached duplex,4,3800000
Lekki,flat apartment,3,1800000
Lekki,semi-detached duplex,4,4000000
Lekki,terraced duplex,4,3000000
Lekki,detached duplex,5,7000000
Ikoyi,semi-detached duplex,4,8000000
Magodo,detached duplex,5,6000000
Lekki,terraced duplex,4,3000000
Lekki,flat apartment,3,16000000
Ikoyi,terraced duplex,4,16000000
Magodo,detached duplex,4,3000000
Lekki,detached duplex,5,82000000
Ikoyi,terraced duplex,4,16000000
Lekki,terraced duplex,3,1500000
Lekki,flat apartment,3,2500000
Lekki,terraced duplex,4,3300000
Lekki,detached duplex,4,5500000
Lekki,detached duplex,5,5500000
Lekki,semi-detached duplex,5,8000000
Lekki,detached duplex,4,80000000
Ikoyi,terraced duplex,4,15000000
Ikoyi,semi-detached duplex,4,13000000
Lekki,detached duplex,5,4500000
Lekki,semi-detached duplex,4,3500000
Lekki,semi-detached duplex,5,12000000
Ikoyi,terraced duplex,4,17500000
Ikeja,semi-detached duplex,4,8000000
Lekki,terraced duplex,4,3500000
Lekki,semi-detached duplex,4,3000000
VI,detached duplex,5,9000000
Yaba,semi-detached duplex,3,4000000
Lekki,detached duplex,5,2000000
Lekki,terraced duplex,4,1600000
Lekki,detached duplex,4,2000000
Lekki,flat apartment,4,4000000
Lekki,terraced duplex,4,1400000
Lekki,semi-detached duplex,4,3000000
Lekki,semi-detached duplex,4,3000000
Lekki,semi-detached duplex,4,3000000
Lekki,terraced duplex,4,2800000
Lekki,flat apartment,2,27000000
Lekki,semi-detached duplex,4,52000000
Lekki,flat apartment,2,1800000
Lekki,detached duplex,5,3500000
Lekki,terraced duplex,4,3300000
Ikeja,semi-detached duplex,5,6500000
VI,flat apartment,4,6000000
VI,terraced duplex,4,7000000
VI,semi-detached duplex,4,5000000
Lekki,detached duplex,4,3500000
Surulere,detached bungalow,1,700000
Lekki,detached duplex,6,9000000
Lekki,semi-detached duplex,4,3500000
Lekki,semi-detached duplex,4,3500000
Lekki,detached duplex,4,5000000
Lekki,flat apartment,4,4000000
Maryland,detached duplex,4,10000000
Lekki,detached duplex,4,4000000
Ikoyi,flat apartment,3,13000000
Ikoyi,flat apartment,4,15000000
VI,flat apartment,3,5000000
Lekki,terraced duplex,4,2700000
Lekki,semi-detached duplex,4,3500000
Lekki,terraced duplex,4,2700000
Lekki,semi-detached duplex,4,3500000
Lekki,semi-detached duplex,4,3500000
Lekki,semi-detached duplex,4,3500000
Lekki,terraced duplex,4,3500000
Lekki,detached duplex,4,3800000
Lekki,semi-detached duplex,4,2000000
Lekki,flat apartment,4,3000000
Ikeja,semi-detached duplex,4,4000000
Lekki,terraced duplex,4,6000000
Lekki,flat apartment,4,3000000
Lekki,terraced duplex,4,3200000
Ikoyi,terraced duplex,4,4000000
Lekki,terraced duplex,3,1500000
Lekki,terraced duplex,4,3700000
Lekki,flat apartment,4,4500000
Lekki,terraced duplex,3,3000000
Lekki,terraced duplex,4,3500000
Lekki,terraced duplex,4,3500000
Lekki,semi-detached duplex,4,4500000
Lekki,semi-detached duplex,4,3000000
Ikeja,detached bungalow,4,10000000
Lekki,detached duplex,5,6500000
Surulere,detached bungalow,3,2000000
Lekki,semi-detached duplex,4,3000000
Ikoyi,terraced duplex,4,15000000
Lekki,semi-detached duplex,4,3500000
Ajah,semi-detached duplex,4,2000000
Lekki,detached duplex,4,4000000
Lekki,semi-detached duplex,5,4500000
Lekki,terraced duplex,4,6000000
Lekki,terraced duplex,5,5500000
VI,semi-detached duplex,5,7000000
Lekki,terraced duplex,4,5000000
Lekki,semi-detached duplex,6,5000000
Lekki,detached duplex,4,1800000
Lekki,detached duplex,5,7200000
Ajah,terraced duplex,4,1800000
Ajah,terraced duplex,3,1500000
Lekki,detached duplex,6,8500000
Yaba,terraced duplex,3,3500000
Ikoyi,flat apartment,4,8500000
Lekki,detached duplex,5,9000000
Ikoyi,terraced duplex,4,8500000
Ikoyi,semi-detached duplex,4,8500000
Ajah,semi-detached duplex,4,2500000
Lekki,semi-detached duplex,3,4500000
Lekki,terraced duplex,4,3000000
Ajah,semi-detached duplex,3,1000000
VI,terraced duplex,4,4000000
Ikeja,detached duplex,5,110000000
Lekki,terraced duplex,4,4500000
Lekki,detached duplex,5,3000000
Lekki,terraced duplex,3,1800000
Lekki,semi-detached duplex,6,5000000
Ikoyi,terraced duplex,5,8000000
Ikoyi,terraced duplex,3,12000000
Lekki,terraced duplex,5,2500000
Ajah,detached duplex,5,3400000
Ajah,detached bungalow,4,4000000
Lekki,detached duplex,4,4000000
Ikoyi,flat apartment,4,20000000
Lekki,terraced duplex,3,1800000
Ikoyi,terraced duplex,4,10000000
Lekki,detached duplex,4,3500000
Lekki,terraced duplex,4,3000000
Ikoyi,terraced duplex,3,12500000
Ikoyi,terraced duplex,3,13000000
Ajah,detached duplex,4,4000000
Lekki,semi-detached duplex,4,4500000
Lekki,flat apartment,3,2300000
Lekki,terraced duplex,4,3000000
Lekki,detached duplex,5,4500000
Lekki,detached duplex,5,3800000
Lekki,semi-detached duplex,6,5000000
Lekki,detached duplex,5,3000000
Lekki,semi-detached duplex,4,3000000
Ikoyi,semi-detached duplex,5,9500000
Isheri,terraced duplex,3,2000000
Lekki,detached duplex,5,4500000
Lekki,detached duplex,4,4500000
Lekki,detached duplex,5,3500000
Lekki,detached duplex,5,4500000
Lekki,flat apartment,2,2200000
Lekki,terraced duplex,4,2500000
Ajah,terraced duplex,5,1500000
Lekki,terraced duplex,4,4500000
Lekki,semi-detached duplex,6,5000000
Lekki,terraced duplex,4,3000000
Lekki,detached duplex,5,8000000
Lekki,terraced duplex,4,5500000
Ikoyi,terraced duplex,3,7500000
Lekki,detached duplex,5,4500000
VI,terraced duplex,3,3300000
Lekki,detached duplex,5,4500000
Lekki,terraced duplex,3,1500000
Ajah,semi-detached bungalow,3,1000000
Lekki,detached duplex,4,4500000
Lekki,terraced duplex,4,3000000
Lekki,terraced duplex,3,2500000
Lekki,terraced duplex,4,3000000
Lekki,terraced duplex,4,3000000
Ibeju,flat apartment,3,700000
Lekki,flat apartment,3,700000
VI,detached duplex,5,10000000
Lekki,detached duplex,5,2500000
Lekki,semi-detached duplex,4,3500000
Lekki,detached duplex,4,4000000
Lekki,terraced duplex,4,6000000
Lekki,semi-detached duplex,4,2500000
Lekki,terraced duplex,3,1200000
Lekki,terraced duplex,4,3000000
Lekki,terraced duplex,4,4000000
Lekki,terraced duplex,4,3000000
Lekki,terraced duplex,4,3500000
Lekki,semi-detached duplex,4,3000000
Lekki,terraced duplex,3,1500000
Ikoyi,detached duplex,4,10000000
Lekki,terraced duplex,4,3500000
Lekki,flat apartment,2,3000000
Lekki,terraced duplex,4,3000000
Lekki,semi-detached duplex,4,4500000
Ikoyi,terraced duplex,4,12000000
Magodo,detached duplex,4,3000000
Lekki,terraced duplex,5,2500000
Lekki,terraced duplex,4,3000000
Lekki,detached duplex,4,47000000
Ikoyi,terraced duplex,3,11500000
Lekki,terraced duplex,4,3000000
Lekki,terraced duplex,4,4200000
Lekki,terraced duplex,4,4500000
VI,terraced duplex,3,10000000
Lekki,terraced duplex,4,5000000
Ikoyi,terraced duplex,5,8000000
Ikoyi,terraced duplex,3,12000000
Ikoyi,terraced duplex,4,7000000
Ikoyi,terraced duplex,4,8000000
Lekki,terraced duplex,3,1500000
Ikoyi,terraced duplex,4,9000000
Ikoyi,terraced duplex,4,12500000
Ikoyi,flat apartment,4,8000000
Ikoyi,terraced duplex,4,8000000
Ikoyi,terraced duplex,4,7000000
Ikoyi,terraced duplex,3,10000000
Ikoyi,terraced duplex,4,8000000
Ikoyi,terraced duplex,4,100000
Ikoyi,terraced duplex,3,8000000
Lekki,detached duplex,5,8000000
VI,terraced duplex,4,5000000
Ikoyi,flat apartment,4,14000000
Ikoyi,terraced duplex,4,8000000
Lekki,semi-detached duplex,3,1800000
Lekki,semi-detached duplex,4,3000000
Lekki,detached duplex,4,10000000
Lekki,terraced duplex,4,4500000
Lekki,terraced duplex,4,4200000
Lekki,terraced duplex,3,2500000
Lekki,semi-detached duplex,4,3500000
Lekki,semi-detached duplex,6,5000000
Lekki,terraced duplex,4,3000000
Ikoyi,semi-detached duplex,4,7000000
Lekki,terraced duplex,3,3000000
Lekki,semi-detached duplex,4,3500000
Lekki,semi-detached duplex,4,3500000
Lekki,semi-detached duplex,4,3500000
Lekki,terraced duplex,4,6000000
Ikoyi,terraced duplex,5,13000000
Ikoyi,terraced duplex,4,8000000
VI,terraced duplex,4,4000000
Ikeja,semi-detached duplex,4,6000000
Lekki,flat apartment,4,3500000
Ojodu,detached duplex,4,1300000
Ajah,semi-detached bungalow,3,1500000
Ajah,detached duplex,4,2500000
Ikeja,detached duplex,5,5000000
Ikoyi,terraced duplex,4,9000000
Ikoyi,terraced duplex,4,10000000
Ikoyi,terraced duplex,3,7000000
Ikoyi,terraced duplex,4,10000000
Lekki,semi-detached duplex,6,5000000
Ikoyi,terraced duplex,4,8000000
Lekki,terraced duplex,4,4200000
Lekki,terraced duplex,4,3000000
Lekki,detached duplex,4,2500000
Lekki,semi-detached duplex,4,4000000
Lekki,semi-detached duplex,5,6500000
Lekki,semi-detached duplex,4,4000000
Ikoyi,terraced duplex,5,12000000
Lekki,terraced duplex,4,3000000
Lekki,terraced duplex,4,3000000
Ikoyi,terraced duplex,4,15000000
Maryland,flat apartment,3,2500000
Lekki,terraced duplex,4,5000000
Lekki,terraced duplex,4,4500000
Lekki,terraced duplex,4,3000000
Lekki,semi-detached duplex,4,2500000
Lekki,terraced duplex,4,2500000
VI,terraced duplex,4,4000000
Ajah,detached duplex,5,3500000
Ajah,terraced duplex,3,1500000
Lekki,semi-detached duplex,6,5000000
Lekki,detached duplex,5,5000000
Ikoyi,flat apartment,4,6000000
Lekki,detached duplex,5,15000000
Lekki,semi-detached duplex,3,4000000
Maryland,detached bungalow,5,3000000
Ikoyi,semi-detached duplex,5,16000000
Lekki,detached duplex,4,4000000
Lekki,terraced duplex,4,3000000
Ikoyi,terraced duplex,3,7000000
Ikoyi,terraced duplex,3,16000000
VI,terraced duplex,4,20000000
Ikeja,terraced duplex,4,3200000
Lekki,detached duplex,5,3800000
Lekki,flat apartment,3,3500000
Lekki,detached duplex,4,6000000
Lekki,terraced duplex,4,3000000
Lekki,semi-detached duplex,5,3500000
Lekki,detached duplex,5,10000000
Lekki,terraced duplex,3,1500000
Lekki,flat apartment,4,3000000
VI,flat apartment,3,5000000
Magodo,detached duplex,4,4500000
Lekki,terraced duplex,4,2800000
Lekki,semi-detached duplex,4,3000000
Lekki,detached duplex,4,4500000
Lekki,semi-detached duplex,4,3000000
VI,semi-detached duplex,4,5000000
Ikoyi,semi-detached duplex,5,16000000
Lekki,terraced duplex,3,2500000
Ikoyi,detached duplex,6,45000000
Lekki,terraced duplex,4,3000000
Lekki,terraced duplex,4,3000000
Ikoyi,terraced duplex,3,15000000
Ikoyi,terraced duplex,3,18000000
VI,terraced duplex,4,6000000
Ikoyi,semi-detached duplex,4,9000000
Lekki,terraced duplex,4,3000000
Lekki,terraced duplex,4,3500000
Lekki,terraced duplex,4,3000000
Lekki,terraced duplex,3,1500000
Lekki,terraced bungalow,4,2800000
Lekki,detached duplex,4,4500000
Lekki,semi-detached duplex,4,3500000
Lekki,terraced duplex,4,4500000
Lekki,terraced duplex,4,3000000
Lekki,terraced duplex,4,3500000
Lekki,terraced duplex,4,3500000
Lekki,detached duplex,5,8500000
Lekki,terraced duplex,4,3000000
Ajah,detached duplex,5,2500000
Lekki,detached duplex,4,2500000
Lekki,terraced duplex,4,5000000
Magodo,detached duplex,4,3500000
Ajah,flat apartment,2,800000
Lekki,terraced duplex,4,5000000
Magodo,detached duplex,4,3500000
Lekki,semi-detached duplex,4,2000000
Lekki,terraced duplex,4,4500000
Lekki,terraced duplex,4,3500000
Lekki,semi-detached duplex,4,3500000
Lekki,semi-detached duplex,6,5000000
Lekki,semi-detached duplex,5,4000000
Lekki,detached duplex,4,4500000
Lekki,terraced duplex,4,3500000
Lekki,terraced duplex,4,3300000
VI,flat apartment,3,3500000
Ajah,terraced duplex,3,1300000
Ikoyi,terraced duplex,4,8300000
VI,terraced duplex,5,9500000
Ikoyi,detached duplex,5,18000000
Lekki,terraced duplex,4,3000000
Ikeja,flat apartment,3,3500000
Lekki,detached duplex,4,3800000
Lekki,flat apartment,3,3000000
Surulere,flat apartment,4,2300000
Lekki,semi-detached duplex,4,3500000
Lekki,detached duplex,5,3700000
Lekki,terraced duplex,4,3500000
Lekki,flat apartment,3,2000000
Ojodu,flat apartment,4,1400000
Lekki,terraced duplex,4,3500000
Lekki,terraced duplex,3,1500000
Ikoyi,terraced duplex,4,15000000
Lekki,flat apartment,3,3000000
Ikoyi,terraced duplex,4,12000000
Lekki,flat apartment,3,4500000
Lekki,semi-detached duplex,5,6000000
Ikoyi,semi-detached duplex,3,6000000
Lekki,terraced duplex,4,3000000
Lekki,semi-detached duplex,4,3000000
Lekki,terraced duplex,4,3500000
Lekki,terraced duplex,4,4000000
Lekki,terraced duplex,4,3500000
Lekki,terraced duplex,4,3000000
VI,semi-detached duplex,5,7500000
Lekki,terraced duplex,4,3500000
Lekki,terraced duplex,4,3500000
Lekki,semi-detached duplex,4,3000000
Ajah,terraced duplex,3,1300000
Ikoyi,flat apartment,5,22000000
Lekki,terraced duplex,4,4500000
Lekki,semi-detached duplex,6,5000000
Ikoyi,semi-detached duplex,5,5000000
Lekki,flat apartment,3,2000000
Ajah,flat apartment,2,650000
Lekki,semi-detached duplex,4,3600000
Ajah,semi-detached bungalow,2,1000000
Lekki,detached duplex,5,10000000
Lekki,detached duplex,3,3000000
Ajah,flat apartment,1,600000
Ikoyi,semi-detached duplex,5,25000000
Ikoyi,detached duplex,6,50000000
Ikoyi,terraced duplex,3,15000000
Lekki,semi-detached duplex,5,4500000
Ajah,detached duplex,5,3600000
Lekki,detached duplex,4,4500000
Ikeja,terraced duplex,4,65000000
Ikeja,detached duplex,6,15000000
Ikeja,semi-detached duplex,5,8000000
Lekki,detached duplex,5,8000000
Lekki,flat apartment,4,4000000
Lekki,terraced duplex,3,1500000
Lekki,detached duplex,5,6500000
Lekki,detached duplex,4,5000000
Lekki,terraced duplex,3,1500000
Ikoyi,terraced duplex,4,6500000
Lekki,detached duplex,5,6500000
Lekki,detached duplex,5,15000000
Ajah,semi-detached bungalow,2,900000
Lekki,terraced duplex,4,6000000
Ikoyi,terraced duplex,5,8000000
Ajah,semi-detached duplex,3,950000
Lekki,terraced duplex,4,7000000
Ikoyi,flat apartment,4,8000000
Ikoyi,terraced duplex,3,7000000
Ikoyi,semi-detached duplex,5,16000000
Ikoyi,terraced duplex,4,11000000
Ikoyi,terraced duplex,4,8000000
Ajah,terraced duplex,3,1400000
Lekki,detached duplex,4,4500000
Lekki,terraced duplex,4,3000000
Ikoyi,terraced duplex,4,9000000
Lekki,terraced duplex,3,1500000
Ikoyi,terraced duplex,3,9000000
VI,terraced duplex,4,20000000
Maryland,flat apartment,3,2300000
Gbagada,terraced duplex,3,2300000
Lekki,semi-detached duplex,4,3000000
Lekki,detached duplex,4,3000000
Lekki,semi-detached duplex,4,3800000
VI,detached duplex,3,10000000
Ikeja,semi-detached duplex,5,15000000
Lekki,terraced duplex,4,3600000
Ajah,terraced duplex,2,1500000
Lekki,terraced duplex,4,6000000
Ikoyi,detached duplex,4,13000000
Lekki,detached duplex,4,3500000
Lekki,semi-detached duplex,4,3500000
Ikoyi,terraced duplex,4,4500000
Ikoyi,terraced duplex,4,15000000
Lekki,terraced duplex,4,3000000
Ikeja,terraced duplex,4,7000000
Lekki,detached duplex,5,4200000
Lekki,flat apartment,4,4000000
Lekki,terraced duplex,4,6000000
Lekki,terraced duplex,4,5500000
Lekki,semi-detached duplex,4,3500000
Lekki,detached duplex,5,3500000
Lekki,terraced duplex,5,3500000
Lekki,terraced duplex,4,2800000
Ajah,semi-detached duplex,4,1500000
VI,semi-detached duplex,4,6500000
Lekki,detached duplex,4,4000000
Ikoyi,terraced duplex,4,9000000
Lekki,terraced duplex,4,5000000
Ikoyi,terraced duplex,4,17000000
Ikoyi,terraced duplex,3,16000000
Lekki,terraced duplex,3,2500000
Lekki,detached duplex,5,6000000
Ajah,terraced duplex,4,1800000
Ikoyi,semi-detached duplex,4,12000000
Lekki,semi-detached duplex,4,4000000
Ajah,flat apartment,3,1000000
Lekki,semi-detached duplex,5,5500000
Lekki,flat apartment,4,4000000
Lekki,terraced duplex,5,7000000
Lekki,terraced duplex,4,3000000
Lekki,semi-detached duplex,4,2000000
Lekki,detached duplex,5,3500000
Lekki,detached duplex,5,7000000
Lekki,semi-detached duplex,4,3500000
Lekki,detached duplex,5,4500000
Lekki,terraced duplex,4,3000000
Ikoyi,terraced duplex,4,8000000
Ikoyi,terraced duplex,3,11000000
Lekki,terraced duplex,5,3000000
Lekki,terraced duplex,4,4500000
Lekki,terraced duplex,5,6000000
Ajah,detached duplex,4,2200000
Lekki,semi-detached duplex,4,3000000
Lekki,semi-detached duplex,4,4000000
Ajah,detached duplex,4,2500000
Ikoyi,terraced duplex,4,15000000
Lekki,detached duplex,5,4500000
Lekki,terraced duplex,3,1500000
Lekki,detached duplex,4,3500000
Lekki,detached duplex,5,5500000
Lekki,detached duplex,5,5500000
VI,detached duplex,9,15000000
Lekki,semi-detached duplex,4,4000000
Ajah,semi-detached duplex,4,1700000
Yaba,terraced duplex,4,4000000
Lekki,detached duplex,5,5000000
Lekki,flat apartment,3,2500000
Lekki,semi-detached duplex,4,3500000
Lekki,semi-detached duplex,4,3500000
VI,flat apartment,2,5000000
Lekki,detached duplex,5,4500000
Lekki,semi-detached duplex,4,4000000
North,semi-detached duplex,4,2500000
Lekki,flat apartment,4,7500000
North,semi-detached duplex,4,2000000
Ikeja,detached duplex,4,3000000
Lekki,semi-detached duplex,4,4000000
Lekki,semi-detached duplex,4,3500000
Lekki,semi-detached duplex,6,5000000
Lekki,terraced duplex,4,3000000
Ajah,flat apartment,3,1500000
Lekki,terraced duplex,4,3000000
Ajah,detached duplex,4,4000000
Lekki,semi-detached duplex,5,6000000
VI,terraced duplex,4,4000000
Ikoyi,flat apartment,3,10000000
Ikoyi,detached bungalow,1,7000000
Lekki,semi-detached duplex,4,3500000
Lekki,terraced duplex,4,6000000
Lekki,terraced duplex,4,4500000
Lekki,terraced duplex,3,4000000
Lekki,semi-detached duplex,5,5000000
Ikoyi,terraced duplex,3,12000000
Lekki,terraced duplex,4,3000000
Lekki,semi-detached duplex,4,3500000
Ikoyi,detached duplex,5,13000000
Ajah,terraced duplex,4,2200000
Lekki,terraced duplex,4,3000000
Lekki,terraced duplex,4,8000000
Lekki,terraced duplex,3,1500000
Ikorodu,semi-detached bungalow,2,350000
Lekki,semi-detached duplex,4,3000000
Lekki,terraced duplex,4,1800000
Lekki,semi-detached duplex,16,5000000
Lekki,terraced duplex,3,3800000
Lekki,detached duplex,4,6000000
Lekki,detached duplex,4,7500000
VI,terraced duplex,4,20000000
Lekki,detached duplex,6,8000000
VI,terraced duplex,4,5000000
Ikoyi,flat apartment,3,15000000
Lekki,terraced duplex,4,5000000
Lekki,semi-detached duplex,4,5000000
Ikoyi,terraced duplex,4,13000000
Lekki,semi-detached duplex,4,6000000
VI,terraced duplex,4,5000000
Lekki,detached duplex,4,5000000
Lekki,semi-detached duplex,4,6500000
VI,terraced duplex,4,7000000
Lekki,terraced duplex,4,4500000
Lekki,semi-detached duplex,6,5000000
VI,terraced duplex,4,3800000
Lekki,terraced duplex,4,4000000
Lekki,semi-detached duplex,4,3500000
Lekki,terraced duplex,4,3200000
Lekki,detached duplex,5,4000000
Lekki,semi-detached duplex,3,4000000
Magodo,terraced duplex,3,10000000
Lekki,detached duplex,4,4000000
Lekki,detached duplex,4,4000000
Lekki,detached duplex,5,5000000
Lekki,detached duplex,5,9000000
Ikoyi,terraced duplex,4,17000000
VI,terraced duplex,4,14000000
VI,detached duplex,8,30000000
VI,terraced duplex,4,90000
Ikoyi,semi-detached duplex,4,15000000
Ikoyi,terraced duplex,4,16000000
Ikoyi,semi-detached duplex,4,8000000
Ikoyi,detached duplex,4,17000000
Lekki,detached duplex,3,2500000
Lekki,terraced duplex,3,1500000
Ajah,terraced duplex,3,35000000
Ikoyi,semi-detached duplex,4,6000000
Lekki,detached duplex,5,5000000
Ajah,terraced duplex,4,1500000
Lekki,detached duplex,5,5000000
Ikoyi,terraced duplex,3,13000000
Lekki,semi-detached duplex,4,3500000
Lekki,semi-detached duplex,5,5500000
Lekki,detached duplex,5,6500000
Ikeja,flat apartment,3,4000000
Lekki,semi-detached duplex,5,3000000
Lekki,detached duplex,5,15000000
Lekki,terraced duplex,3,3500000
Lekki,detached duplex,5,9000000
Lekki,detached duplex,5,15000000
Ajah,semi-detached bungalow,3,750000
Ikoyi,terraced duplex,3,13000000
Ikoyi,terraced duplex,3,16000000
Lekki,flat apartment,5,4000000
Lekki,terraced duplex,4,4000000
Lekki,flat apartment,4,4000000
Lekki,terraced duplex,3,2000000
Lekki,terraced duplex,4,4000000
Lekki,terraced duplex,4,6000000
Lekki,semi-detached duplex,3,4500000
Lekki,detached duplex,4,4000000
VI,detached duplex,4,4500000
Lekki,terraced duplex,4,2500000
Ikoyi,detached duplex,4,5500000
Lekki,semi-detached duplex,4,3200000
Lekki,detached duplex,4,6000000
Magodo,terraced duplex,5,5500000
Lekki,detached duplex,3,4000000
Lekki,detached bungalow,3,3000000
North,terraced duplex,3,1200000
Lekki,detached duplex,4,4500000
Shomolu,flat apartment,6,1300000
Ikoyi,terraced duplex,3,10000000
Ajah,detached duplex,4,4000000
Lekki,terraced duplex,5,5000000
VI,detached duplex,5,5000000
Lekki,flat apartment,4,4000000
Ikoyi,terraced duplex,4,9000000
VI,detached duplex,9,20000000
Lekki,semi-detached duplex,4,4000000
Lekki,terraced duplex,3,4000000
Lekki,terraced duplex,3,4500000
Lekki,terraced duplex,4,3000000
VI,detached duplex,8,5000000
Lekki,terraced duplex,5,2500000
Lekki,terraced duplex,4,4500000
Lekki,detached duplex,5,5500000
Lekki,terraced duplex,3,4500000
Ikoyi,terraced duplex,5,8000000
Ikoyi,terraced duplex,4,9000000
Ikeja,detached duplex,5,10000000
Lekki,terraced duplex,4,3000000
Lekki,terraced duplex,3,3000000
Lekki,semi-detached duplex,4,4000000
VI,terraced duplex,5,20000000
Lekki,terraced duplex,4,4500000
Lekki,semi-detached duplex,6,5000000
Lekki,terraced duplex,4,3000000
Ikoyi,terraced duplex,4,13000000
Lekki,detached duplex,5,8000000
Lekki,semi-detached duplex,4,4000000
Lekki,semi-detached duplex,4,3000000
Lekki,terraced duplex,3,3500000
Lekki,terraced duplex,3,1500000
Ikoyi,terraced duplex,4,15000000
Lekki,flat apartment,4,3500000
Lekki,flat apartment,3,3300000
Lekki,detached duplex,4,2800000
Lekki,terraced duplex,4,3500000
Ikoyi,terraced duplex,4,10000000
Ikoyi,flat apartment,4,8500000
Ajah,semi-detached duplex,4,1800000
Lekki,terraced duplex,4,3000000
VI,terraced duplex,4,120000000
VI,terraced duplex,4,5000000
Lekki,terraced duplex,3,3000000
Lekki,terraced duplex,3,1500000
Lekki,terraced duplex,4,2800000
Ikoyi,terraced duplex,4,14000000
Lekki,detached duplex,4,5000000
Ikoyi,flat apartment,4,21000000
Lekki,semi-detached duplex,4,4000000
Lekki,semi-detached duplex,4,3200000
Lekki,semi-detached duplex,2,1800000
Ikoyi,terraced duplex,3,15000000
Lekki,detached duplex,4,6000000
Lekki,semi-detached duplex,4,3500000
Lekki,semi-detached duplex,4,5000000
Ikoyi,terraced duplex,4,16000000
Lekki,detached duplex,5,4500000
Lekki,flat apartment,4,3500000
Lekki,semi-detached duplex,5,15000000
Lekki,terraced duplex,4,4500000
Lekki,terraced duplex,4,4500000
Lekki,detached duplex,5,5000000
VI,semi-detached duplex,5,7000000
Lekki,detached duplex,4,4000000
Lekki,terraced duplex,3,1500000
Ajah,semi-detached duplex,5,4500000
Ikoyi,terraced duplex,4,10000000
Lekki,terraced duplex,4,3000000
Lekki,semi-detached duplex,4,3500000
Lekki,detached duplex,4,2300000
Lekki,terraced duplex,3,3500000
Lekki,terraced duplex,3,4500000
Lekki,semi-detached duplex,4,6000000
Lekki,semi-detached duplex,4,3500000
Lekki,detached duplex,4,8500000
Lekki,semi-detached duplex,6,4000000
Lekki,terraced duplex,3,4000000
Lekki,flat apartment,4,3500000
Ajah,terraced duplex,5,1500000
Lekki,semi-detached duplex,4,3500000
Lekki,terraced duplex,3,4000000
Ajah,detached duplex,4,2000000
Ilupeju,semi-detached duplex,5,4000000
Lekki,semi-detached duplex,4,4000000
Alimosho,semi-detached duplex,4,1000000
Lekki,semi-detached duplex,6,5000000
Ikoyi,terraced duplex,4,10000000
Ajah,detached duplex,5,4500000
Lekki,terraced duplex,3,3500000
Magodo,semi-detached duplex,5,5000000
Lekki,detached duplex,4,5000000
Lekki,semi-detached duplex,4,3500000
Lekki,semi-detached duplex,4,4000000
Lekki,terraced duplex,4,6500000
Ikoyi,detached duplex,5,25000000
Ikoyi,detached duplex,5,12000000
Lekki,terraced duplex,4,3000000
Ikoyi,terraced duplex,3,12000000
Ikoyi,terraced duplex,5,13000000
Ikoyi,terraced duplex,4,10000000
Ikoyi,terraced duplex,4,14000000
Ikoyi,detached duplex,5,20000000
Lekki,semi-detached duplex,3,2500000
Lekki,semi-detached bungalow,4,3800000
Lekki,terraced duplex,4,6000000
Lekki,semi-detached duplex,4,4000000
Lekki,flat apartment,4,4000000
Ajah,flat apartment,3,1400000
Lekki,terraced duplex,4,3000000
Lekki,terraced duplex,4,3500000
Lekki,semi-detached duplex,3,4000000
Ikoyi,flat apartment,5,19000000
Ikoyi,flat apartment,5,20000000
Lekki,terraced duplex,4,4000000
Ikoyi,flat apartment,4,18000000
Lekki,detached duplex,4,4500000
Ikeja,terraced duplex,4,10000000
Ikeja,detached duplex,5,10000000
Lekki,detached duplex,6,7000000
Lekki,semi-detached duplex,5,2500000
Lekki,terraced duplex,4,3000000
Lekki,detached duplex,6,15000000
Ojo,flat apartment,1,130000
Lekki,semi-detached duplex,4,3500000
Lekki,terraced duplex,4,3200000
Lekki,terraced duplex,3,1500000
Lekki,semi-detached duplex,3,2000000
VI,terraced duplex,4,7000000
Lekki,terraced duplex,4,4500000
Lekki,terraced duplex,4,5000000
Lekki,terraced duplex,4,6500000
Lekki,detached duplex,6,12000000
Ajah,semi-detached duplex,5,2800000
Lekki,semi-detached duplex,4,3000000
Lekki,detached duplex,4,6000000
Lekki,semi-detached duplex,4,6000000
Lekki,semi-detached duplex,4,3500000
Ajah,semi-detached duplex,4,1500000
Ojo,flat apartment,1,180000
Ikoyi,detached duplex,5,10000000
VI,flat apartment,4,6500000
Lekki,terraced duplex,4,4500000
VI,terraced duplex,4,4000000
Lekki,terraced duplex,4,5000000
Ikoyi,terraced duplex,2,10000000
Lekki,semi-detached duplex,6,5000000
Lekki,terraced duplex,4,5000000
Ikoyi,detached duplex,5,12000000
Lekki,semi-detached duplex,4,3500000
Lekki,terraced duplex,3,2000000
Lekki,terraced duplex,3,2500000
Ikoyi,terraced duplex,4,10000000
Lekki,semi-detached duplex,4,3000000
Lekki,semi-detached duplex,4,3500000
Lekki,terraced duplex,4,3500000
Lekki,terraced duplex,4,6000000
Ikoyi,terraced duplex,3,15000000
VI,detached duplex,5,9000000
Lekki,terraced duplex,4,4500000
Surulere,semi-detached duplex,6,4000000
Lekki,terraced duplex,4,3000000
VI,terraced duplex,3,4000000
Lekki,detached duplex,5,10000000
Lekki,terraced duplex,4,3800000
Lekki,terraced duplex,4,2500000
Lekki,semi-detached duplex,4,2700000
Lekki,semi-detached duplex,6,5000000
Ikoyi,terraced duplex,5,9000000
Lekki,detached duplex,5,7000000
Lekki,semi-detached duplex,5,7000000
Lekki,detached duplex,5,7000000
Lekki,detached duplex,4,4500000
Lekki,terraced duplex,4,4000000
Lekki,detached duplex,4,4000000
VI,terraced duplex,4,6500000
Lekki,terraced duplex,4,3200000
Lekki,detached duplex,7,7000000
VI,terraced duplex,3,5000000
Ajah,semi-detached duplex,4,3500000
Lekki,semi-detached duplex,4,3000000
Ikoyi,terraced duplex,3,12000000
Lekki,detached duplex,5,15000000
Lekki,terraced duplex,4,4500000
Lekki,detached duplex,5,15000000
Lekki,semi-detached duplex,5,6500000
Lekki,terraced duplex,4,3300000
Lekki,flat apartment,4,4000000
Lekki,semi-detached bungalow,3,800000
Lekki,detached duplex,4,3500000
Lekki,terraced duplex,4,47000000
Lekki,terraced duplex,4,4000000
Ajah,terraced duplex,3,1700000
VI,flat apartment,3,5000000
Lekki,detached duplex,5,12000000
Lekki,terraced duplex,4,7500000
Lekki,terraced duplex,4,3500000
Ikoyi,terraced duplex,4,6000000
Lekki,terraced duplex,4,3000000
Lekki,flat apartment,3,2500000
VI,flat apartment,3,5500000
Ikeja,terraced duplex,3,5500000
Lekki,terraced duplex,4,3000000
Lekki,semi-detached duplex,4,3500000
Lekki,semi-detached duplex,4,3500000
Ajah,semi-detached bungalow,3,1000000
Lekki,terraced duplex,4,5000000
Lekki,flat apartment,4,4000000
Ikoyi,terraced duplex,4,9000000
Ikoyi,semi-detached duplex,5,9000000
Ikoyi,terraced duplex,5,13000000
Ajah,semi-detached duplex,4,2500000
Ikoyi,terraced duplex,4,8000000
Lekki,semi-detached duplex,4,2000000
VI,detached duplex,4,5000000
Ikoyi,terraced duplex,4,7000000
Lekki,terraced duplex,3,5000000
Ikoyi,terraced duplex,4,15000000
Lekki,detached duplex,5,8000000
VI,terraced duplex,4,4500000
VI,terraced duplex,4,4500000
Lekki,terraced duplex,4,4500000
Lekki,terraced duplex,5,5000000
Lekki,semi-detached duplex,5,6000000
Ikoyi,terraced duplex,4,10000000
Lekki,semi-detached duplex,4,2500000
Lekki,semi-detached duplex,2,1500000
Lekki,semi-detached duplex,3,2400000
Lekki,semi-detached duplex,6,5000000
Ajah,semi-detached duplex,4,1700000
Lekki,detached duplex,5,6500000
Lekki,terraced duplex,4,2700000
Lekki,detached duplex,4,5000000
Ikeja,detached duplex,5,10000000
Ikoyi,semi-detached duplex,4,8500000
Lekki,detached duplex,4,4000000
Lekki,terraced duplex,4,4500000
Lekki,detached duplex,5,7000000
Lekki,terraced duplex,3,4000000
Lekki,detached duplex,5,15000000
Lekki,detached duplex,5,9000000
Lekki,terraced duplex,4,3000000
Lekki,terraced duplex,4,3000000
Lekki,terraced duplex,3,3700000
VI,detached duplex,4,11000000
Ikoyi,semi-detached duplex,5,8500000
Ikoyi,detached duplex,4,5500000
Lekki,detached duplex,5,4000000
Lekki,flat apartment,5,4000000
Lekki,flat apartment,4,4000000
Lekki,semi-detached duplex,5,4000000
VI,flat apartment,3,2800000
Lekki,terraced duplex,4,3000000
Ajah,detached bungalow,3,1700000
Lekki,detached bungalow,4,5000000
Lekki,flat apartment,3,2500000
Lekki,flat apartment,5,7000000
Lekki,terraced duplex,4,40000000
Lekki,terraced duplex,4,3000000
Lekki,terraced duplex,4,4000000
Lekki,detached duplex,5,7500000
Lekki,flat apartment,3,3500000
Ajah,detached duplex,4,2500000
Lekki,terraced duplex,5,3500000
Lekki,semi-detached duplex,4,2000000
Ikoyi,semi-detached duplex,4,8000000
Lekki,terraced duplex,3,3500000
Lekki,semi-detached duplex,4,4000000
Ikoyi,flat apartment,3,14000000
Lekki,detached duplex,5,10000000
Lekki,terraced duplex,3,1500000
Ikoyi,terraced duplex,4,15000000
Lekki,terraced duplex,4,2800000
Lekki,flat apartment,4,3500000
Magodo,semi-detached duplex,5,5000000
Ajah,terraced duplex,3,1800000
VI,detached duplex,6,20000000
VI,detached duplex,4,20000000
Ikoyi,terraced duplex,3,10000000
Lekki,terraced duplex,3,4000000
VI,flat apartment,3,5500000
Lekki,detached duplex,5,12000000
Lekki,semi-detached duplex,4,3500000
Lekki,detached duplex,5,6000000
Lekki,terraced duplex,4,4800000
Ikoyi,terraced duplex,4,13000000
Lekki,detached duplex,5,4000000
Agege,detached duplex,6,1500000
Ikoyi,terraced duplex,3,10000000
Lekki,detached duplex,5,12000000
Lekki,flat apartment,4,4000000
Lekki,semi-detached duplex,4,4600000
Yaba,semi-detached duplex,4,2500000
Lekki,detached duplex,5,10000000
Lekki,detached duplex,5,4500000
North,terraced duplex,2,700000
Lekki,detached duplex,5,6000000
Lekki,detached duplex,5,7000000
Lekki,terraced duplex,4,3500000
VI,detached duplex,7,25000000
Lekki,flat apartment,3,3000000
Ikoyi,flat apartment,6,45000000
Ajah,terraced duplex,3,1600000
Lekki,semi-detached duplex,4,4000000
Lekki,detached duplex,7,7000000
Lekki,terraced duplex,4,3000000
Lekki,detached duplex,4,4000000
Ikoyi,detached duplex,5,10000000
Ikoyi,semi-detached duplex,5,15000000
Lekki,terraced duplex,3,4500000
Lekki,terraced duplex,3,4000000
Lekki,semi-detached duplex,6,5000000
Ikoyi,flat apartment,4,15000000
Ikoyi,terraced duplex,4,10000000
Surulere,semi-detached duplex,4,3000000
Ikoyi,terraced duplex,4,9000000
Ikoyi,terraced duplex,4,15000000
Lekki,terraced duplex,4,3700000
Lekki,terraced duplex,3,4000000
Ikeja,detached duplex,6,35000000
Ikoyi,terraced duplex,4,8000000
Ikoyi,terraced duplex,4,8500000
Ikoyi,terraced duplex,4,12000000
Ikoyi,terraced duplex,4,7500000
Ikoyi,terraced duplex,4,15000000
Lekki,semi-detached duplex,4,3000000
Lekki,semi-detached duplex,4,4500000
VI,detached duplex,3,10000000
VI,semi-detached duplex,5,5500000
VI,terraced duplex,4,5000000
Lekki,detached duplex,4,1800000
Lekki,semi-detached duplex,4,2000000
Lekki,terraced duplex,3,1500000
Lekki,detached duplex,45,3000000
Ajah,detached duplex,4,2500000
Lekki,semi-detached duplex,4,5000000
Ikeja,terraced duplex,4,3500000
Ikeja,detached duplex,5,15000000
Ikoyi,terraced duplex,4,13000000
Lekki,detached duplex,4,3000000
Ikoyi,terraced duplex,4,8000000
Lekki,terraced duplex,4,4500000
Lekki,terraced duplex,5,6000000
Ikoyi,terraced duplex,3,13500000
Lekki,terraced duplex,3,5500000
Ikoyi,flat apartment,4,17000000
Lekki,detached bungalow,4,5000000
Ajah,terraced duplex,3,1800000
Ikoyi,terraced duplex,4,15000000
Lekki,terraced duplex,3,5000000
Ikeja,terraced duplex,3,3500000
Yaba,terraced duplex,3,3000000
VI,terraced duplex,4,5000000
Lekki,flat apartment,4,4000000
Ikoyi,flat apartment,4,12000000
Lekki,terraced duplex,3,4000000
Ikoyi,terraced duplex,4,20000000
VI,semi-detached duplex,4,6000000
Lekki,semi-detached duplex,4,4500000
Ikoyi,terraced duplex,4,16000000
Ikoyi,terraced duplex,4,8000000
Ikoyi,terraced duplex,4,18000000
Ikoyi,terraced duplex,4,15000000
Ikoyi,terraced duplex,4,10000000
Ikoyi,semi-detached bungalow,4,13000000
Lekki,terraced duplex,3,1800000
Lekki,detached duplex,5,4500000
VI,detached duplex,4,15000000
Ikoyi,semi-detached duplex,3,9000000
Ikorodu,detached bungalow,2,180000
Lekki,semi-detached duplex,4,4000000
Lekki,detached duplex,5,2300000
Ikoyi,semi-detached duplex,5,17000000
Ikoyi,terraced duplex,4,7000000
Lekki,semi-detached duplex,6,5000000
Ikoyi,semi-detached duplex,4,8500000
VI,detached duplex,5,20000000
Ikoyi,terraced duplex,4,17000000
Ikoyi,terraced duplex,4,11000000
Lekki,detached duplex,4,2000000
Lekki,terraced duplex,4,2500000
Ajah,detached duplex,4,2800000
Lekki,semi-detached duplex,4,7000000
Ikoyi,terraced duplex,3,12000000
Lekki,semi-detached duplex,4,4000000
Ajah,semi-detached duplex,4,1900000
Lekki,detached duplex,5,7000000
Lekki,terraced duplex,3,4000000
Lekki,semi-detached duplex,4,5000000
Lekki,semi-detached duplex,4,2500000
Lekki,semi-detached duplex,4,4000000
Lekki,semi-detached duplex,4,4000000
Lekki,terraced duplex,4,3200000
Lekki,flat apartment,4,4000000
Lekki,terraced duplex,3,2500000
Lekki,detached duplex,4,4000000
Lekki,terraced duplex,3,3500000
Lekki,semi-detached duplex,4,6000000
VI,terraced duplex,4,7000000
VI,terraced duplex,4,7000000
Yaba,terraced duplex,4,3500000
Lekki,detached duplex,4,4500000
Lekki,detached duplex,5,8500000
Lekki,detached duplex,4,3700000
Lekki,detached duplex,5,15000000
Lekki,terraced duplex,4,6000000
Ikoyi,detached duplex,5,11000000
Lekki,detached duplex,5,4500000
VI,terraced duplex,4,8000000
Lekki,detached duplex,5,4000000
Ikoyi,terraced duplex,4,13000000
Lekki,semi-detached duplex,4,5000000
Lekki,terraced duplex,4,3000000
Lekki,terraced duplex,3,1500000
Lekki,detached duplex,15,6000000
Ajah,semi-detached duplex,5,4500000
Lekki,semi-detached duplex,4,5000000
Lekki,detached duplex,5,8000000
Lekki,terraced duplex,4,3000000
Ikoyi,terraced duplex,5,11000000
Lekki,detached duplex,6,4000000
Ikoyi,terraced duplex,4,12000000
Ikoyi,terraced duplex,4,6000000
Ikoyi,terraced duplex,4,17500000
Ajah,detached duplex,4,2500000
Ikoyi,terraced duplex,4,6000000
VI,terraced duplex,4,5000000
Lekki,detached duplex,4,6500000
Lekki,semi-detached duplex,4,150000000
Ajah,terraced duplex,2,1300000
Lekki,terraced duplex,3,5500000
Lekki,flat apartment,4,7000000
Lekki,semi-detached duplex,3,6000000
Lekki,terraced duplex,3,1500000
VI,detached duplex,7,10000000
Ikoyi,terraced duplex,4,6500000
VI,terraced duplex,2,4300000
VI,terraced duplex,4,5700000
Lekki,detached duplex,5,14000000
Lekki,terraced duplex,3,2500000
Ikoyi,terraced duplex,4,6000000
Lekki,detached duplex,5,7000000
Lekki,detached duplex,4,3500000
Lekki,semi-detached duplex,4,3500000
VI,detached duplex,9,12000000
Lekki,terraced duplex,4,6000000
Ikoyi,detached duplex,6,20000000
Lekki,detached duplex,6,6500000
VI,terraced duplex,2,8000000
Lekki,semi-detached duplex,3,4000000
Ikoyi,terraced duplex,4,10000000
Ikoyi,terraced duplex,3,16000000
Lekki,semi-detached duplex,4,4000000
Lekki,semi-detached duplex,6,5000000
Lekki,semi-detached duplex,5,6000000
Lekki,detached duplex,4,7000000
Lekki,terraced duplex,4,3000000
Lekki,detached duplex,4,5500000
Ikeja,semi-detached duplex,4,5500000
Lekki,semi-detached duplex,5,8000000
Ikoyi,terraced duplex,3,13500000
Lekki,detached duplex,5,6000000
Ikeja,semi-detached bungalow,3,1800000
Lekki,terraced duplex,5,5000000
Lekki,semi-detached duplex,4,6000000
VI,terraced duplex,4,6000000
Lekki,semi-detached bungalow,4,4000000
Lekki,detached duplex,4,3000000
Maryland,flat apartment,3,3500000
Lekki,semi-detached duplex,4,3500000
Lekki,terraced duplex,3,3500000
Lekki,terraced duplex,3,2500000
VI,semi-detached duplex,5,14000000
Agege,terraced duplex,4,2000000
Lekki,flat apartment,4,4000000
VI,terraced duplex,5,6500000
Ajah,flat apartment,5,2000000
Lekki,terraced duplex,4,3200000
Ikoyi,flat apartment,3,15000000
Lekki,detached duplex,5,3500000
Lekki,semi-detached duplex,4,6000000
Lekki,detached bungalow,4,1500000
Lekki,flat apartment,4,2500000
Ikoyi,terraced duplex,4,28000000
Lekki,detached duplex,5,4500000
Lekki,semi-detached duplex,3,3000000
Ikoyi,flat apartment,3,18000000
VI,flat apartment,2,4000000
Ajah,semi-detached bungalow,2,650000
Lekki,semi-detached duplex,5,6000000
VI,terraced duplex,4,5500000
Lekki,terraced duplex,4,3600000
Ikoyi,semi-detached duplex,8,40000000
Ikoyi,semi-detached duplex,5,20000000
Lekki,semi-detached duplex,6,5000000
Ikoyi,terraced duplex,4,29000000
Ikeja,detached duplex,5,15000000
Lekki,flat apartment,4,4000000
Ikoyi,semi-detached duplex,4,12000000
Ikeja,semi-detached duplex,4,4000000
Ikoyi,terraced duplex,4,15000000
Lekki,terraced duplex,3,3000000
Ikoyi,terraced duplex,3,10000000
Ikorodu,semi-detached duplex,4,400000
Ikoyi,terraced duplex,5,12000000
Lekki,semi-detached duplex,5,6000000
Ikoyi,terraced duplex,4,13000000
Ikoyi,terraced duplex,4,10000000
Ikoyi,terraced duplex,4,10000000
Ikoyi,terraced duplex,4,10000000
Lekki,terraced duplex,4,3500000
VI,terraced duplex,4,6000000
Lekki,terraced duplex,3,2500000
Lekki,terraced duplex,4,6000000
Lekki,terraced duplex,4,3000000
Lekki,flat apartment,4,4000000
Lekki,terraced duplex,4,3300000
Lekki,semi-detached duplex,4,3500000
Lekki,detached duplex,5,4000000
Ikoyi,terraced duplex,4,17000000
Lekki,semi-detached duplex,4,3500000
Ikoyi,semi-detached duplex,6,25000000
Lekki,detached duplex,5,3500000
Lekki,detached duplex,5,2500000
Agege,terraced duplex,4,1400000
Lekki,semi-detached duplex,4,3500000
Lekki,detached duplex,4,4500000
Lekki,semi-detached duplex,4,3500000
Ajah,detached duplex,5,4000000
Ajah,flat apartment,3,800000
Lekki,detached duplex,5,7500000
Lekki,semi-detached duplex,4,6000000
Lekki,semi-detached duplex,4,3500000
Lekki,semi-detached duplex,4,3500000
Lekki,terraced duplex,4,3200000
Lekki,detached duplex,5,4200000
Lekki,flat apartment,4,4000000
Lekki,detached bungalow,2,1500000
Lekki,detached duplex,5,4200000
Lekki,detached duplex,5,4200000
Lekki,detached duplex,5,4200000
Lekki,semi-detached duplex,5,6000000
Lekki,semi-detached duplex,5,6500000
Lekki,flat apartment,4,4500000
Lekki,semi-detached duplex,4,2700000
VI,terraced duplex,5,10000000
Gbagada,flat apartment,2,750000
Lekki,terraced bungalow,3,1500000
Lekki,terraced bungalow,3,2000000
Magodo,semi-detached duplex,4,2200000
Lekki,detached duplex,4,4000000
Lekki,terraced duplex,4,3500000
Alimosho,flat apartment,3,650000
Ajah,semi-detached bungalow,2,1000000
Lekki,flat apartment,2,1500000
Lekki,semi-detached bungalow,4,3500000
Lekki,terraced duplex,3,1500000
Ajah,semi-detached duplex,3,1800000
Lekki,detached duplex,4,3500000
Ikoyi,flat apartment,3,12000000
Ikoyi,semi-detached duplex,4,16000000
Ikoyi,terraced duplex,4,10000000
Lekki,detached duplex,4,3800000
Isolo,terraced duplex,4,1500000
Lekki,detached duplex,3,3000000
Lekki,flat apartment,4,3300000
Ikoyi,semi-detached duplex,5,6500000
Lekki,terraced duplex,3,4000000
Lekki,semi-detached duplex,4,3500000
Lekki,semi-detached duplex,4,3500000
Lekki,detached duplex,4,3800000
VI,terraced duplex,4,4000000
Lekki,detached duplex,5,4000000
Lekki,semi-detached duplex,4,3500000
Lekki,terraced duplex,4,3500000
Lekki,semi-detached duplex,6,5000000
Lekki,flat apartment,3,1000000
Lekki,terraced duplex,4,3000000
Lekki,terraced duplex,4,3000000
Ajah,flat apartment,2,500000
Lekki,flat apartment,4,4000000
Lekki,detached duplex,5,5000000
Lekki,semi-detached duplex,4,3500000
Lekki,semi-detached duplex,4,3500000
Lekki,detached duplex,4,2200000
Lekki,detached duplex,4,1700000
Ikeja,detached duplex,5,6000000
Lekki,terraced duplex,5,3000000
Lekki,detached duplex,4,4000000
Lekki,detached duplex,4,2500000
Lekki,detached bungalow,3,4000000
Lekki,detached duplex,6,7000000
Lekki,terraced duplex,3,2500000
Lekki,semi-detached duplex,4,3500000
Ajah,flat apartment,4,1700000
Lekki,semi-detached duplex,6,5000000
Lekki,detached duplex,4,5000000
Lekki,semi-detached duplex,4,3500000
Lekki,detached duplex,5,3500000
Lekki,semi-detached duplex,4,2500000
Lekki,semi-detached duplex,3,2500000
Lekki,semi-detached duplex,4,3500000
VI,terraced duplex,4,7000000
VI,terraced duplex,4,4500000
Lekki,semi-detached duplex,4,3500000
Lekki,terraced duplex,4,3000000
Surulere,semi-detached duplex,6,4000000
Lekki,terraced duplex,4,3000000
Lekki,detached duplex,5,4000000
Lekki,semi-detached duplex,6,3000000
Lekki,semi-detached duplex,4,4000000
Lekki,flat apartment,4,3200000
Lekki,terraced duplex,4,3000000
VI,semi-detached duplex,4,4500000
Lekki,terraced duplex,4,3000000
Lekki,semi-detached duplex,4,4000000
